feature,block,fill_rate,band,n_eff,up_rate,ci_lo,ci_hi,mean_ret,ev,note
f.macro.spot,macro,0.9959551600600948,LOW,1834.6,0.0983,0.0855,0.1128,-0.3985,-0.4944,
f.macro.spot,macro,0.9959551600600948,MID,1378.1,0.139,0.1218,0.1583,-0.3751,-0.469,
f.macro.spot,macro,0.9959551600600948,HIGH,768.7,0.2082,0.181,0.2384,-0.3182,-0.4062,
f.macro.sma20,macro,0.9959551600600948,LOW,1877.8,0.0965,0.084,0.1107,-0.3987,-0.4958,
f.macro.sma20,macro,0.9959551600600948,MID,1342.7,0.1453,0.1274,0.1651,-0.3731,-0.4661,
f.macro.sma20,macro,0.9959551600600948,HIGH,759.5,0.2041,0.177,0.2343,-0.3197,-0.4074,
f.macro.distance_to_sma20_pct,macro,0.9959551600600948,LOW,1341.2,0.1378,0.1204,0.1573,-0.3561,-0.4571,
f.macro.distance_to_sma20_pct,macro,0.9959551600600948,MID,1069.0,0.1249,0.1064,0.1461,-0.3872,-0.4685,
f.macro.distance_to_sma20_pct,macro,0.9959551600600948,HIGH,1523.7,0.1247,0.109,0.1422,-0.3906,-0.4854,
f.iv_term.iv_front,iv_term,0.775106899341269,LOW,735.0,0.1498,0.1259,0.1775,-0.3399,-0.4276,
f.iv_term.iv_front,iv_term,0.775106899341269,MID,1056.6,0.1496,0.1293,0.1723,-0.3645,-0.4477,
f.iv_term.iv_front,iv_term,0.775106899341269,HIGH,1027.6,0.1361,0.1165,0.1584,-0.3504,-0.4497,
f.iv_term.iv_back,iv_term,0.775106899341269,LOW,779.0,0.1589,0.1349,0.1863,-0.3224,-0.4135,
f.iv_term.iv_back,iv_term,0.775106899341269,MID,981.5,0.1418,0.1214,0.165,-0.3828,-0.4645,
f.iv_term.iv_back,iv_term,0.775106899341269,HIGH,1057.4,0.1374,0.1179,0.1594,-0.3475,-0.4444,
f.iv_term.iv_ratio,iv_term,0.775106899341269,LOW,943.6,0.1426,0.1218,0.1664,-0.3463,-0.4288,
f.iv_term.iv_ratio,iv_term,0.775106899341269,MID,889.2,0.1499,0.1279,0.1749,-0.352,-0.4364,
f.iv_term.iv_ratio,iv_term,0.775106899341269,HIGH,989.0,0.1428,0.1224,0.166,-0.3612,-0.4619,
f.gex.net_gex,gex,0.9957240263492431,LOW,959.0,0.1294,0.1096,0.1522,-0.3798,-0.4696,
f.gex.net_gex,gex,0.9957240263492431,MID,1645.6,0.122,0.1071,0.1387,-0.415,-0.5148,
f.gex.net_gex,gex,0.9957240263492431,HIGH,1377.9,0.1399,0.1225,0.1592,-0.3205,-0.4106,
f.gex.zero_gamma_strike,gex,0.9957240263492431,LOW,1778.4,0.0958,0.083,0.1104,-0.3947,-0.4913,
f.gex.zero_gamma_strike,gex,0.9957240263492431,MID,1406.9,0.1367,0.1197,0.1556,-0.3871,-0.478,
f.gex.zero_gamma_strike,gex,0.9957240263492431,HIGH,794.7,0.2148,0.1876,0.2447,-0.3061,-0.4011,
f.gex.distance_to_zero_gamma_pct,gex,0.9957240263492431,LOW,1378.8,0.1452,0.1276,0.1648,-0.379,-0.4636,
f.gex.distance_to_zero_gamma_pct,gex,0.9957240263492431,MID,966.7,0.144,0.1233,0.1675,-0.3453,-0.434,
f.gex.distance_to_zero_gamma_pct,gex,0.9957240263492431,HIGH,1604.5,0.1088,0.0945,0.125,-0.3939,-0.4995,
f.alt_catalyst.reddit_mention_delta_pct,alt_catalyst,1.0,LOW,464.1,0.1673,0.1361,0.2039,-0.2564,-0.3493,
f.alt_catalyst.reddit_mention_delta_pct,alt_catalyst,1.0,MID,1751.7,0.1613,0.1449,0.1793,-0.3288,-0.4195,
f.alt_catalyst.reddit_mention_delta_pct,alt_catalyst,1.0,HIGH,1849.3,0.1011,0.0882,0.1157,-0.4305,-0.5338,
f.alt_catalyst.insider_10d_buy_usd,alt_catalyst,1.0,HIGH,3938.0,0.1293,0.1192,0.1402,-0.378,-0.4702,
f.alt_catalyst.insider_cluster_flag,alt_catalyst,1.0,-,0.0,,,,,,UNDERPOWERED (too sparse to band)
f.technical.atr,technical,0.9959551600600948,LOW,1815.1,0.0897,0.0774,0.1037,-0.4033,-0.5018,
f.technical.atr,technical,0.9959551600600948,MID,1500.4,0.1494,0.1323,0.1684,-0.3714,-0.4642,
f.technical.atr,technical,0.9959551600600948,HIGH,711.0,0.2306,0.2012,0.263,-0.2945,-0.3737,
f.technical.atr_pct,technical,0.9959551600600948,LOW,1133.0,0.1487,0.1292,0.1707,-0.3447,-0.4372,
f.technical.atr_pct,technical,0.9959551600600948,MID,1447.8,0.1087,0.0937,0.1258,-0.4213,-0.5077,
f.technical.atr_pct,technical,0.9959551600600948,HIGH,1360.1,0.136,0.1188,0.1552,-0.3565,-0.4568,
f.technical.rvol_10min,technical,0.9959551600600948,LOW,742.1,0.1647,0.1397,0.1931,-0.3394,-0.4222,
f.technical.rvol_10min,technical,0.9959551600600948,MID,1486.2,0.1213,0.1057,0.1389,-0.3847,-0.4728,
f.technical.rvol_10min,technical,0.9959551600600948,HIGH,1728.5,0.123,0.1084,0.1394,-0.3864,-0.4916,
f.fundamentals.market_cap,fundamentals,0.6855425863862245,LOW,1446.8,0.0877,0.0742,0.1034,-0.4295,-0.5332,
f.fundamentals.market_cap,fundamentals,0.6855425863862245,MID,1013.6,0.1345,0.1149,0.1569,-0.3788,-0.4735,
f.fundamentals.market_cap,fundamentals,0.6855425863862245,HIGH,720.4,0.2222,0.1933,0.2539,-0.2746,-0.3708,
f.fundamentals.short_pct_float,fundamentals,0.6727146654339535,LOW,785.8,0.1647,0.1404,0.1922,-0.3385,-0.4309,
f.fundamentals.short_pct_float,fundamentals,0.6727146654339535,MID,1161.0,0.1191,0.1017,0.139,-0.4134,-0.5132,
f.fundamentals.short_pct_float,fundamentals,0.6727146654339535,HIGH,1105.7,0.1102,0.0931,0.1301,-0.3844,-0.4829,
f.fundamentals.short_ratio,fundamentals,0.6864671212296314,LOW,775.0,0.1361,0.1138,0.1621,-0.3757,-0.4664,
f.fundamentals.short_ratio,fundamentals,0.6864671212296314,MID,1018.7,0.1442,0.124,0.1671,-0.3597,-0.4567,
f.fundamentals.short_ratio,fundamentals,0.6864671212296314,HIGH,1367.3,0.1087,0.0933,0.1263,-0.4096,-0.5139,
f.news.headline_count,news,1.0,LOW,33.5,0.0526,0.0135,0.1839,-0.519,-0.6626,
f.news.headline_count,news,1.0,HIGH,3908.1,0.1302,0.12,0.1411,-0.3764,-0.4683,
f.news.latest_age_hours,news,0.9997688662891483,LOW,849.5,0.2125,0.1863,0.2413,-0.2911,-0.3696,
f.news.latest_age_hours,news,0.9997688662891483,MID,1302.4,0.1213,0.1047,0.1401,-0.3345,-0.4357,
f.news.latest_age_hours,news,0.9997688662891483,HIGH,1895.9,0.1108,0.0974,0.1257,-0.4269,-0.5277,
f.news.vader_compound,news,0.9997688662891483,LOW,1220.8,0.1369,0.1188,0.1574,-0.3693,-0.4552,
f.news.vader_compound,news,0.9997688662891483,MID,1358.0,0.1244,0.1079,0.143,-0.3894,-0.4875,
f.news.vader_compound,news,0.9997688662891483,HIGH,1366.4,0.128,0.1113,0.1468,-0.3733,-0.4656,
f.regime_stack.ticker_dist_pct,regime_stack,0.9959551600600948,LOW,1341.2,0.1378,0.1204,0.1573,-0.3561,-0.4571,
f.regime_stack.ticker_dist_pct,regime_stack,0.9959551600600948,MID,1069.0,0.1249,0.1064,0.1461,-0.3872,-0.4685,
f.regime_stack.ticker_dist_pct,regime_stack,0.9959551600600948,HIGH,1523.7,0.1247,0.109,0.1422,-0.3906,-0.4854,
f.regime_stack.market_spy_dist_pct,regime_stack,1.0,LOW,1247.1,0.1004,0.0849,0.1183,-0.3479,-0.4457,
f.regime_stack.market_spy_dist_pct,regime_stack,1.0,MID,1349.2,0.1552,0.1368,0.1755,-0.386,-0.4756,
f.regime_stack.market_spy_dist_pct,regime_stack,1.0,HIGH,1342.4,0.13,0.1131,0.1491,-0.3972,-0.4838,
f.regime_stack.sector_dist_pct,regime_stack,0.6877383566393158,LOW,943.7,0.1422,0.1214,0.1659,-0.3897,-0.4793,
f.regime_stack.sector_dist_pct,regime_stack,0.6877383566393158,MID,1092.7,0.1234,0.1052,0.1443,-0.392,-0.4877,
f.regime_stack.sector_dist_pct,regime_stack,0.6877383566393158,HIGH,1099.5,0.114,0.0965,0.1341,-0.3796,-0.4806,
f.regime_stack.sector_vs_market_spread,regime_stack,0.6877383566393158,LOW,970.9,0.1579,0.1363,0.1822,-0.369,-0.4576,
f.regime_stack.sector_vs_market_spread,regime_stack,0.6877383566393158,MID,1099.3,0.1134,0.096,0.1335,-0.4183,-0.5081,
f.regime_stack.sector_vs_market_spread,regime_stack,0.6877383566393158,HIGH,1064.2,0.1096,0.0922,0.1298,-0.3702,-0.478,
f.skew.put_iv_25d,skew,0.775106899341269,LOW,755.1,0.1557,0.1316,0.1833,-0.3308,-0.4164,
f.skew.put_iv_25d,skew,0.775106899341269,MID,1022.3,0.1466,0.1263,0.1696,-0.3772,-0.4612,
f.skew.put_iv_25d,skew,0.775106899341269,HIGH,1040.7,0.1351,0.1156,0.1572,-0.345,-0.4444,
f.skew.call_iv_25d,skew,0.775106899341269,LOW,752.6,0.1542,0.1302,0.1818,-0.3251,-0.414,
f.skew.call_iv_25d,skew,0.775106899341269,MID,1005.5,0.1431,0.1228,0.1661,-0.3825,-0.4675,
f.skew.call_iv_25d,skew,0.775106899341269,HIGH,1059.4,0.14,0.1204,0.1622,-0.3444,-0.4405,
f.skew.skew_ratio,skew,0.775106899341269,LOW,1096.7,0.1318,0.1131,0.1531,-0.354,-0.4511,
f.skew.skew_ratio,skew,0.775106899341269,MID,977.0,0.1744,0.1519,0.1995,-0.3412,-0.4235,
f.skew.skew_ratio,skew,0.775106899341269,HIGH,744.8,0.1263,0.1043,0.1521,-0.3674,-0.4567,
f.flow_aggression.sweep_aggression_pct,flow_aggression,0.9995377325782966,LOW,1470.0,0.1178,0.1023,0.1353,-0.3956,-0.4864,
f.flow_aggression.sweep_aggression_pct,flow_aggression,0.9995377325782966,MID,1313.5,0.1395,0.1218,0.1593,-0.3654,-0.4534,
f.flow_aggression.sweep_aggression_pct,flow_aggression,0.9995377325782966,HIGH,1175.7,0.1351,0.1168,0.1559,-0.3657,-0.465,
f.flow_aggression.ask_sweep_prem,flow_aggression,0.9995377325782966,LOW,1777.3,0.1057,0.0922,0.1208,-0.4119,-0.5082,
f.flow_aggression.ask_sweep_prem,flow_aggression,0.9995377325782966,MID,1433.1,0.1257,0.1095,0.1438,-0.3672,-0.4695,
f.flow_aggression.ask_sweep_prem,flow_aggression,0.9995377325782966,HIGH,808.9,0.2186,0.1914,0.2483,-0.2884,-0.373,
f.flow_aggression.total_flow_prem,flow_aggression,0.9995377325782966,LOW,1770.3,0.0989,0.0859,0.1137,-0.4051,-0.5053,
f.flow_aggression.total_flow_prem,flow_aggression,0.9995377325782966,MID,1473.2,0.1325,0.1161,0.1507,-0.385,-0.4808,
f.flow_aggression.total_flow_prem,flow_aggression,0.9995377325782966,HIGH,773.3,0.2295,0.2012,0.2604,-0.2622,-0.3545,
f.dark_pool.distance_to_heaviest_dp_node_pct,dark_pool,0.9781578643245117,LOW,1172.5,0.1169,0.0998,0.1366,-0.375,-0.4813,
f.dark_pool.distance_to_heaviest_dp_node_pct,dark_pool,0.9781578643245117,MID,1140.8,0.1515,0.1318,0.1734,-0.3634,-0.4437,
f.dark_pool.distance_to_heaviest_dp_node_pct,dark_pool,0.9781578643245117,HIGH,1513.6,0.1351,0.1188,0.1533,-0.372,-0.4643,
f.dark_pool.heaviest_node_price,dark_pool,0.9781578643245117,LOW,1775.3,0.1047,0.0913,0.1198,-0.3866,-0.4814,
f.dark_pool.heaviest_node_price,dark_pool,0.9781578643245117,MID,1333.0,0.1419,0.1242,0.1617,-0.3721,-0.4647,
f.dark_pool.heaviest_node_price,dark_pool,0.9781578643245117,HIGH,752.2,0.2089,0.1813,0.2394,-0.316,-0.4033,
f.dark_pool.node_size,dark_pool,0.9781578643245117,LOW,1597.3,0.1109,0.0965,0.1273,-0.4169,-0.5209,
f.dark_pool.node_size,dark_pool,0.9781578643245117,MID,1007.9,0.1615,0.14,0.1855,-0.3352,-0.4147,
f.dark_pool.node_size,dark_pool,0.9781578643245117,HIGH,1268.2,0.1476,0.1292,0.1682,-0.3247,-0.4204,
f.dark_pool.n_prints,dark_pool,1.0,LOW,2045.7,0.0912,0.0795,0.1045,-0.4271,-0.5323,
f.dark_pool.n_prints,dark_pool,1.0,MID,1302.1,0.1582,0.1394,0.179,-0.3304,-0.4267,
f.dark_pool.n_prints,dark_pool,1.0,HIGH,886.1,0.2574,0.2297,0.2872,-0.2359,-0.3417,
f.pemd.days_since_earnings,pemd,0.6637004507107361,LOW,936.5,0.11,0.0916,0.1317,-0.4209,-0.5147,
f.pemd.days_since_earnings,pemd,0.6637004507107361,MID,1090.6,0.1248,0.1065,0.1457,-0.3655,-0.4583,
f.pemd.days_since_earnings,pemd,0.6637004507107361,HIGH,1051.2,0.1423,0.1225,0.1647,-0.3759,-0.4773,
f.pemd.post_earnings_iv_crush_flag,pemd,0.6637004507107361,-,0.0,,,,,,UNDERPOWERED (too sparse to band)
f.pemd.iv_rank_1y,pemd,1.0,LOW,1233.1,0.1073,0.0912,0.1258,-0.3945,-0.4798,
f.pemd.iv_rank_1y,pemd,1.0,MID,1459.7,0.136,0.1193,0.1545,-0.3757,-0.4667,
f.pemd.iv_rank_1y,pemd,1.0,HIGH,1249.5,0.1448,0.1264,0.1655,-0.363,-0.4631,
f.vrp.realized_vol_20d,vrp,0.775106899341269,LOW,784.0,0.1535,0.13,0.1805,-0.345,-0.4368,
f.vrp.realized_vol_20d,vrp,0.775106899341269,MID,1048.6,0.1409,0.1211,0.1633,-0.3668,-0.4477,
f.vrp.realized_vol_20d,vrp,0.775106899341269,HIGH,989.0,0.1419,0.1215,0.165,-0.3448,-0.4422,
f.vrp.front_iv,vrp,0.775106899341269,LOW,735.0,0.1498,0.1259,0.1775,-0.3399,-0.4276,
f.vrp.front_iv,vrp,0.775106899341269,MID,1056.6,0.1496,0.1293,0.1723,-0.3645,-0.4477,
f.vrp.front_iv,vrp,0.775106899341269,HIGH,1027.6,0.1361,0.1165,0.1584,-0.3504,-0.4497,
f.vrp.vrp,vrp,0.775106899341269,LOW,802.4,0.1612,0.1374,0.1882,-0.3401,-0.4223,
f.vrp.vrp,vrp,0.775106899341269,MID,860.4,0.1447,0.1228,0.1698,-0.3389,-0.4214,
f.vrp.vrp,vrp,0.775106899341269,HIGH,1156.1,0.1344,0.116,0.1553,-0.3718,-0.4731,
f.flow_persistence.net_directional_prem,flow_persistence,0.9994221657228707,LOW,1038.8,0.1503,0.1299,0.1733,-0.3427,-0.4375,
f.flow_persistence.net_directional_prem,flow_persistence,0.9994221657228707,MID,1898.2,0.1041,0.0911,0.1186,-0.421,-0.5178,
f.flow_persistence.net_directional_prem,flow_persistence,0.9994221657228707,HIGH,1119.5,0.1704,0.1495,0.1936,-0.3074,-0.4052,
f.flow_persistence.flow_persistence_pct,flow_persistence,0.9994221657228707,LOW,1377.7,0.156,0.1378,0.1762,-0.3492,-0.439,
f.flow_persistence.flow_persistence_pct,flow_persistence,0.9994221657228707,MID,1299.4,0.1369,0.1193,0.1567,-0.3468,-0.4387,
f.flow_persistence.flow_persistence_pct,flow_persistence,0.9994221657228707,HIGH,1282.2,0.0984,0.0833,0.1159,-0.4322,-0.5268,
f.flow_persistence.closing_accel,flow_persistence,0.9994221657228707,LOW,1133.7,0.1534,0.1336,0.1755,-0.3405,-0.4288,
f.flow_persistence.closing_accel,flow_persistence,0.9994221657228707,MID,1847.0,0.1018,0.0888,0.1164,-0.4179,-0.5199,
f.flow_persistence.closing_accel,flow_persistence,0.9994221657228707,HIGH,1075.7,0.1711,0.1497,0.1947,-0.3204,-0.413,
f.flow_persistence.n_ticks,flow_persistence,1.0,LOW,769.1,0.1236,0.1022,0.1487,-0.4227,-0.4973,
f.flow_persistence.n_ticks,flow_persistence,1.0,MID,1469.5,0.13,0.1137,0.1481,-0.3787,-0.4713,
f.flow_persistence.n_ticks,flow_persistence,1.0,HIGH,1709.2,0.1317,0.1165,0.1485,-0.3544,-0.4564,
f.price_action.nvi,price_action,0.988905581879117,LOW,1484.0,0.1169,0.1015,0.1342,-0.3732,-0.4666,
f.price_action.nvi,price_action,0.988905581879117,MID,1423.8,0.1376,0.1207,0.1565,-0.3794,-0.4782,
f.price_action.nvi,price_action,0.988905581879117,HIGH,1023.4,0.1362,0.1165,0.1585,-0.3837,-0.4678,
f.price_action.vwma_20,price_action,0.988905581879117,LOW,1854.8,0.0974,0.0847,0.1117,-0.3977,-0.4949,
f.price_action.vwma_20,price_action,0.988905581879117,MID,1355.7,0.142,0.1244,0.1616,-0.3759,-0.4692,
f.price_action.vwma_20,price_action,0.988905581879117,HIGH,762.2,0.2067,0.1795,0.2369,-0.3168,-0.404,
f.price_action.rsi_5,price_action,0.988905581879117,LOW,1336.1,0.1299,0.1129,0.149,-0.3699,-0.4672,
f.price_action.rsi_5,price_action,0.988905581879117,MID,1258.0,0.1332,0.1156,0.1531,-0.3975,-0.4839,
f.price_action.rsi_5,price_action,0.988905581879117,HIGH,1332.1,0.1245,0.1078,0.1433,-0.3672,-0.4603,
f.price_action.rsi_15,price_action,0.988905581879117,LOW,1292.8,0.1328,0.1154,0.1524,-0.363,-0.4631,
f.price_action.rsi_15,price_action,0.988905581879117,MID,1194.3,0.1365,0.1181,0.1571,-0.3737,-0.4548,
f.price_action.rsi_15,price_action,0.988905581879117,HIGH,1440.3,0.1202,0.1044,0.138,-0.3945,-0.4894,
f.price_action.gap_pct,price_action,0.988905581879117,LOW,1236.6,0.1348,0.1169,0.155,-0.3525,-0.4505,
f.price_action.gap_pct,price_action,0.988905581879117,MID,1253.0,0.1287,0.1113,0.1484,-0.3821,-0.4751,
f.price_action.gap_pct,price_action,0.988905581879117,HIGH,1439.8,0.1247,0.1086,0.1428,-0.3962,-0.4831,
f.price_action.day_range,price_action,0.988905581879117,LOW,882.2,0.1459,0.1242,0.1708,-0.3467,-0.4391,
f.price_action.day_range,price_action,0.988905581879117,MID,1482.1,0.1294,0.1133,0.1474,-0.3805,-0.4738,
f.price_action.day_range,price_action,0.988905581879117,HIGH,1565.4,0.1202,0.105,0.1372,-0.3919,-0.4901,
f.price_action.candle_body,price_action,0.988096613891136,LOW,1254.2,0.1392,0.1211,0.1595,-0.3602,-0.4509,
f.price_action.candle_body,price_action,0.988096613891136,MID,1314.7,0.1232,0.1065,0.1421,-0.3792,-0.473,
f.price_action.candle_body,price_action,0.988096613891136,HIGH,1352.2,0.1259,0.1093,0.1446,-0.3929,-0.4853,
f.price_action.dist_sma50,price_action,0.988905581879117,LOW,1331.5,0.1372,0.1197,0.1567,-0.3493,-0.448,
f.price_action.dist_sma50,price_action,0.988905581879117,MID,1066.1,0.14,0.1205,0.1621,-0.3756,-0.4548,
f.price_action.dist_sma50,price_action,0.988905581879117,HIGH,1532.5,0.1156,0.1005,0.1326,-0.4027,-0.501,
f.macro_context.iv_term_skew,macro_context,0.775106899341269,LOW,1046.2,0.1351,0.1157,0.1571,-0.3582,-0.4452,
f.macro_context.iv_term_skew,macro_context,0.775106899341269,MID,750.2,0.158,0.1336,0.1858,-0.3302,-0.4148,
f.macro_context.iv_term_skew,macro_context,0.775106899341269,HIGH,1029.8,0.1468,0.1265,0.1697,-0.3633,-0.4623,
f.macro_context.vix_level,macro_context,0.9996532994337224,LOW,1336.1,0.1249,0.1083,0.1437,-0.4016,-0.4867,
f.macro_context.vix_level,macro_context,0.9996532994337224,MID,1395.2,0.1476,0.1299,0.1672,-0.3929,-0.4858,
f.macro_context.vix_level,macro_context,0.9996532994337224,HIGH,1206.5,0.1131,0.0964,0.1322,-0.3313,-0.4283,
f.macro_context.execution_hour,macro_context,1.0,LOW,548.3,0.223,0.1901,0.2597,-0.2649,-0.3479,
f.macro_context.execution_hour,macro_context,1.0,MID,905.6,0.1504,0.1286,0.1752,-0.3564,-0.4511,
f.macro_context.execution_hour,macro_context,1.0,HIGH,2577.1,0.1112,0.0996,0.1239,-0.3987,-0.4986,
f.macro_context.day_of_week,macro_context,1.0,LOW,949.3,0.1846,0.1612,0.2106,-0.4365,-0.5138,
f.macro_context.day_of_week,macro_context,1.0,MID,1443.2,0.1752,0.1565,0.1957,-0.3844,-0.4645,
f.macro_context.day_of_week,macro_context,1.0,HIGH,1547.0,0.0506,0.0407,0.0627,-0.3343,-0.4354,
f.macro_context.sector_vs_spy,macro_context,0.6877383566393158,LOW,1079.2,0.135,0.1159,0.1567,-0.3986,-0.4858,
f.macro_context.sector_vs_spy,macro_context,0.6877383566393158,MID,1010.8,0.1339,0.1143,0.1563,-0.4089,-0.5018,
f.macro_context.sector_vs_spy,macro_context,0.6877383566393158,HIGH,1044.7,0.1078,0.0904,0.1281,-0.3542,-0.4606,
f.dealer_greeks.net_dex,dealer_greeks,0.999191032012019,LOW,1457.6,0.1036,0.089,0.1203,-0.4278,-0.5262,
f.dealer_greeks.net_dex,dealer_greeks,0.999191032012019,MID,1672.8,0.1251,0.1101,0.1418,-0.3772,-0.4738,
f.dealer_greeks.net_dex,dealer_greeks,0.999191032012019,HIGH,1030.1,0.2155,0.1914,0.2416,-0.2392,-0.332,
f.dealer_greeks.net_vanna,dealer_greeks,0.999191032012019,LOW,1556.4,0.0948,0.0812,0.1103,-0.4429,-0.5395,
f.dealer_greeks.net_vanna,dealer_greeks,0.999191032012019,MID,1642.9,0.1395,0.1236,0.1571,-0.3544,-0.4545,
f.dealer_greeks.net_vanna,dealer_greeks,0.999191032012019,HIGH,983.7,0.2161,0.1915,0.2429,-0.229,-0.3207,
f.dealer_greeks.net_charm,dealer_greeks,0.999191032012019,LOW,875.2,0.1476,0.1256,0.1726,-0.2304,-0.3242,
f.dealer_greeks.net_charm,dealer_greeks,0.999191032012019,MID,1588.5,0.1738,0.156,0.1933,-0.3198,-0.4134,
f.dealer_greeks.net_charm,dealer_greeks,0.999191032012019,HIGH,1695.7,0.0933,0.0804,0.1081,-0.4574,-0.5571,
f.dealer_greeks.delta_imbalance,dealer_greeks,0.9988443314457414,LOW,1104.8,0.1283,0.1099,0.1493,-0.3734,-0.4638,
f.dealer_greeks.delta_imbalance,dealer_greeks,0.9988443314457414,MID,1235.2,0.1521,0.1332,0.1732,-0.3464,-0.4238,
f.dealer_greeks.delta_imbalance,dealer_greeks,0.9988443314457414,HIGH,1605.0,0.1135,0.0989,0.13,-0.4035,-0.5105,
f.liquidity_and_slippage.equity_spread_pct_of_ask,liquidity_and_slippage,0.9995377325782966,LOW,1128.8,0.1522,0.1324,0.1743,-0.3361,-0.4293,
f.liquidity_and_slippage.equity_spread_pct_of_ask,liquidity_and_slippage,0.9995377325782966,MID,1421.6,0.1199,0.1041,0.1378,-0.3622,-0.4455,
f.liquidity_and_slippage.equity_spread_pct_of_ask,liquidity_and_slippage,0.9995377325782966,HIGH,1411.1,0.1232,0.1071,0.1414,-0.4195,-0.524,
f.liquidity_and_slippage.bid,liquidity_and_slippage,0.9995377325782966,LOW,1848.2,0.0974,0.0847,0.1118,-0.401,-0.4971,
f.liquidity_and_slippage.bid,liquidity_and_slippage,0.9995377325782966,MID,1377.0,0.1425,0.125,0.1619,-0.3691,-0.4634,
f.liquidity_and_slippage.bid,liquidity_and_slippage,0.9995377325782966,HIGH,762.7,0.208,0.1807,0.2383,-0.3196,-0.4066,
f.liquidity_and_slippage.ask,liquidity_and_slippage,0.9995377325782966,LOW,1836.0,0.0996,0.0867,0.1141,-0.396,-0.4911,
f.liquidity_and_slippage.ask,liquidity_and_slippage,0.9995377325782966,MID,1374.6,0.1391,0.1218,0.1584,-0.3763,-0.4718,
f.liquidity_and_slippage.ask,liquidity_and_slippage,0.9995377325782966,HIGH,772.7,0.2051,0.1781,0.235,-0.3222,-0.4078,
f.liquidity_and_slippage.bid_size,liquidity_and_slippage,0.9995377325782966,LOW,246.1,0.233,0.1845,0.2896,-0.2083,-0.282,
f.liquidity_and_slippage.bid_size,liquidity_and_slippage,0.9995377325782966,MID,2008.8,0.1343,0.1201,0.1499,-0.3998,-0.491,
f.liquidity_and_slippage.bid_size,liquidity_and_slippage,0.9995377325782966,HIGH,1725.8,0.1138,0.0996,0.1296,-0.3653,-0.4598,
f.liquidity_and_slippage.ask_size,liquidity_and_slippage,0.9995377325782966,LOW,261.1,0.2381,0.1904,0.2933,-0.2086,-0.278,
f.liquidity_and_slippage.ask_size,liquidity_and_slippage,0.9995377325782966,MID,2000.9,0.1327,0.1185,0.1483,-0.3998,-0.4923,
f.liquidity_and_slippage.ask_size,liquidity_and_slippage,0.9995377325782966,HIGH,1722.0,0.115,0.1008,0.1309,-0.3661,-0.4618,
f.liquidity_and_slippage.obi,liquidity_and_slippage,0.9995377325782966,LOW,1223.1,0.1175,0.1006,0.1367,-0.3768,-0.4703,
f.liquidity_and_slippage.obi,liquidity_and_slippage,0.9995377325782966,HIGH,2714.1,0.1345,0.1221,0.1478,-0.3784,-0.4699,
f.relative_momentum.rvol_20d,relative_momentum,0.9959551600600948,LOW,775.7,0.16,0.1359,0.1874,-0.3429,-0.4245,
f.relative_momentum.rvol_20d,relative_momentum,0.9959551600600948,MID,1413.3,0.1213,0.1053,0.1394,-0.3885,-0.4776,
f.relative_momentum.rvol_20d,relative_momentum,0.9959551600600948,HIGH,1766.1,0.1237,0.1092,0.1399,-0.3833,-0.4879,
f.relative_momentum.gap_pct,relative_momentum,0.9959551600600948,LOW,1241.7,0.1342,0.1164,0.1543,-0.3534,-0.4512,
f.relative_momentum.gap_pct,relative_momentum,0.9959551600600948,MID,1253.3,0.1287,0.1113,0.1484,-0.3822,-0.4752,
f.relative_momentum.gap_pct,relative_momentum,0.9959551600600948,HIGH,1441.7,0.1251,0.109,0.1431,-0.3958,-0.4826,
f.float_mechanics.short_pct_float,float_mechanics,0.6730613660002311,LOW,786.6,0.1641,0.1399,0.1916,-0.3399,-0.4322,
f.float_mechanics.short_pct_float,float_mechanics,0.6730613660002311,MID,1161.0,0.1191,0.1017,0.139,-0.4134,-0.5132,
f.float_mechanics.short_pct_float,float_mechanics,0.6730613660002311,HIGH,1107.3,0.1105,0.0934,0.1304,-0.3843,-0.4827,
f.float_mechanics.float_shares,float_mechanics,0.6853114526753727,LOW,1342.0,0.0835,0.0699,0.0996,-0.4518,-0.565,
f.float_mechanics.float_shares,float_mechanics,0.6853114526753727,MID,1042.4,0.1485,0.1282,0.1713,-0.3489,-0.446,
f.float_mechanics.float_shares,float_mechanics,0.6853114526753727,HIGH,795.4,0.1893,0.1636,0.218,-0.2921,-0.376,
f.float_mechanics.shares_short,float_mechanics,0.6868138217959089,LOW,1396.2,0.0937,0.0795,0.1102,-0.4499,-0.5639,
f.float_mechanics.shares_short,float_mechanics,0.6868138217959089,MID,1028.6,0.1441,0.124,0.1669,-0.355,-0.4513,
f.float_mechanics.shares_short,float_mechanics,0.6868138217959089,HIGH,793.7,0.1809,0.1556,0.2092,-0.2708,-0.3523,
f.news_sentiment_score,news_sentiment_score,0.9997688662891483,LOW,1220.8,0.1369,0.1188,0.1574,-0.3693,-0.4552,
f.news_sentiment_score,news_sentiment_score,0.9997688662891483,MID,1358.0,0.1244,0.1079,0.143,-0.3894,-0.4875,
f.news_sentiment_score,news_sentiment_score,0.9997688662891483,HIGH,1366.4,0.128,0.1113,0.1468,-0.3733,-0.4656,
f.sweep_aggression_pct,sweep_aggression_pct,0.9995377325782966,LOW,1470.0,0.1178,0.1023,0.1353,-0.3956,-0.4864,
f.sweep_aggression_pct,sweep_aggression_pct,0.9995377325782966,MID,1313.5,0.1395,0.1218,0.1593,-0.3654,-0.4534,
f.sweep_aggression_pct,sweep_aggression_pct,0.9995377325782966,HIGH,1175.7,0.1351,0.1168,0.1559,-0.3657,-0.465,
f.distance_to_zero_gamma_pct,distance_to_zero_gamma_pct,0.9957240263492431,LOW,1378.8,0.1452,0.1276,0.1648,-0.379,-0.4636,
f.distance_to_zero_gamma_pct,distance_to_zero_gamma_pct,0.9957240263492431,MID,966.7,0.144,0.1233,0.1675,-0.3453,-0.434,
f.distance_to_zero_gamma_pct,distance_to_zero_gamma_pct,0.9957240263492431,HIGH,1604.5,0.1088,0.0945,0.125,-0.3939,-0.4995,
f.distance_to_heaviest_dp_node_pct,distance_to_heaviest_dp_node_pct,0.9781578643245117,LOW,1172.5,0.1169,0.0998,0.1366,-0.375,-0.4813,
f.distance_to_heaviest_dp_node_pct,distance_to_heaviest_dp_node_pct,0.9781578643245117,MID,1140.8,0.1515,0.1318,0.1734,-0.3634,-0.4437,
f.distance_to_heaviest_dp_node_pct,distance_to_heaviest_dp_node_pct,0.9781578643245117,HIGH,1513.6,0.1351,0.1188,0.1533,-0.372,-0.4643,
f.days_since_earnings,days_since_earnings,0.6637004507107361,LOW,936.5,0.11,0.0916,0.1317,-0.4209,-0.5147,
f.days_since_earnings,days_since_earnings,0.6637004507107361,MID,1090.6,0.1248,0.1065,0.1457,-0.3655,-0.4583,
f.days_since_earnings,days_since_earnings,0.6637004507107361,HIGH,1051.2,0.1423,0.1225,0.1647,-0.3759,-0.4773,
f.post_earnings_iv_crush_flag,post_earnings_iv_crush_flag,0.6637004507107361,-,0.0,,,,,,UNDERPOWERED (too sparse to band)
f.flow_persistence_pct,flow_persistence_pct,0.9994221657228707,LOW,1377.7,0.156,0.1378,0.1762,-0.3492,-0.439,
f.flow_persistence_pct,flow_persistence_pct,0.9994221657228707,MID,1299.4,0.1369,0.1193,0.1567,-0.3468,-0.4387,
f.flow_persistence_pct,flow_persistence_pct,0.9994221657228707,HIGH,1282.2,0.0984,0.0833,0.1159,-0.4322,-0.5268,
f.pemd.days_to_earnings,pemd,0.539928348549636,LOW,740.5,0.1277,0.1055,0.1536,-0.3666,-0.472,
f.pemd.days_to_earnings,pemd,0.539928348549636,MID,950.0,0.1178,0.0988,0.1398,-0.3516,-0.4532,
f.pemd.days_to_earnings,pemd,0.539928348549636,HIGH,747.5,0.1121,0.0914,0.1367,-0.3692,-0.46,
f.days_to_earnings,days_to_earnings,0.539928348549636,LOW,740.5,0.1277,0.1055,0.1536,-0.3666,-0.472,
f.days_to_earnings,days_to_earnings,0.539928348549636,MID,950.0,0.1178,0.0988,0.1398,-0.3516,-0.4532,
f.days_to_earnings,days_to_earnings,0.539928348549636,HIGH,747.5,0.1121,0.0914,0.1367,-0.3692,-0.46,
f.brake_shadow,brake_shadow,0.04033283254362649,-,0.0,,,,,,UNDERPOWERED (too sparse to band)
