date,ticker,occ,engine_took,student_p,student_says,reason,outcome,net_return
2026-07-16 19:23,SNOW,SNOW260724P00250000,0,0.078,VETO,,vertical,-0.2322
2026-07-16 19:23,SPCX,SPCX260717P00128000,0,0.295,VETO,,up,0.5615
2026-07-16 19:23,SPY,SPY260716C00749000,0,0.295,VETO,,down,-0.7435
2026-07-16 19:23,PNC,PNC260821P00240000,0,0.182,VETO,,vertical,-0.0019
2026-07-16 19:23,BCRX,BCRX270115C00010000,0,0.027,VETO,,vertical,-0.3677
2026-07-16 19:23,TLN,TLN260821C00520000,0,0.072,VETO,,down,-0.6843
2026-07-16 19:23,FIG,FIG260731P00022500,0,0.197,VETO,,down,-0.8904
2026-07-16 19:23,IREN,IREN260821P00031000,0,0.197,VETO,,vertical,0.1686
2026-07-16 19:23,XLK,XLK260731P00170000,0,0.203,VETO,,up,0.2354
2026-07-16 19:32,TE,TE260814C00006000,1,0.078,VETO,,vertical,-0.3708
2026-07-16 19:32,QQQ,QQQ260722C00725000,0,0.384,VETO,,down,-0.7875
2026-07-16 19:32,COO,COO260918C00075000,0,0.162,VETO,,down,-0.6541
2026-07-16 19:32,COIN,COIN260724C00170000,0,0.162,VETO,,down,-0.8025
2026-07-16 19:32,BE,BE260821C00430000,0,0.197,VETO,,vertical,-0.2679
2026-07-16 19:32,TE,TE280121C00010000,0,0.162,VETO,,vertical,-0.0967
2026-07-16 19:32,FISV,FISV260821P00050000,0,0.078,VETO,,vertical,0.0481
2026-07-16 19:32,GFS,GFS261016P00035000,0,0.078,VETO,,down,-1.0778
2026-07-16 19:32,AA,AA260717C00047000,0,0.162,VETO,,down,-1.0146
2026-07-16 19:32,BE,BE260717P00197500,0,0.197,VETO,,up,0.5098
2026-07-16 19:32,APH,APH260821P00135000,0,0.078,VETO,,vertical,-0.1195
2026-07-16 19:32,NFLX,NFLX260821P00072000,0,0.229,VETO,,up,0.5792
2026-07-16 19:32,SQQQ,SQQQ260717C00041000,0,0.203,VETO,,up,1.6296
2026-07-16 19:32,LULU,LULU260717P00120000,0,0.197,VETO,,up,0.2754
2026-07-16 19:32,VOD,VOD270115C00015000,0,0.078,VETO,,vertical,-0.1919
2026-07-16 19:32,CAPR,CAPR260821P00011000,0,0.176,VETO,,vertical,-0.4057
2026-07-16 19:42,PL,PL260814C00023000,1,0.162,VETO,,down,-0.5486
2026-07-16 19:42,SPY,SPY260724P00728000,0,0.295,VETO,,up,1.3
2026-07-16 19:42,QQQ,QQQ260717C00710000,0,0.384,VETO,,down,-0.8842
2026-07-16 19:42,SPY,SPY260720P00747000,0,0.295,VETO,,up,1.2849
2026-07-16 19:42,CCJ,CCJ260724P00085000,0,0.176,VETO,,up,0.3262
2026-07-16 19:42,CRWD,CRWD260821C00255000,0,0.197,VETO,,down,-0.6746
2026-07-16 19:42,PL,PL260821C00021000,0,0.078,VETO,,vertical,-0.0242
2026-07-16 19:53,KRE,KRE260814C00081000,1,0.078,VETO,,down,-0.8327
2026-07-16 19:53,NVDA,NVDA260720C00205000,0,0.229,VETO,,down,-0.8151
2026-07-16 19:53,BETA,BETA260821C00017500,0,0.02,VETO,,vertical,-0.3977
2026-07-16 19:53,SPY,SPY260724P00744000,0,0.295,VETO,,up,0.8843
2026-07-16 19:53,MTUM,MTUM260717P00295000,0,0.162,VETO,,down,-0.98
2026-07-16 19:53,SMH,SMH260717P00540000,0,0.078,VETO,,up,0.3207
2026-07-16 19:53,FLEX,FLEX260717P00120000,0,0.176,VETO,,up,0.5029
2026-07-16 19:53,KRE,KRE260717C00078000,0,0.162,VETO,,down,-1.0465
2026-07-16 19:53,SNAP,SNAP280121C00005000,0,0.02,VETO,,vertical,-0.1257
2026-07-16 19:53,CCOI,CCOI270115C00012500,0,0.02,VETO,,vertical,-0.25
2026-07-16 19:53,BABA,BABA260717C00120000,0,0.197,VETO,,down,-0.9688
2026-07-17 13:32,GDX,GDX260828P00067500,1,0.176,VETO,,down,-1.0836
2026-07-17 13:32,SPY,SPY260722P00734000,0,0.203,VETO,,down,-0.59
2026-07-17 13:32,AMZN,AMZN260918P00200000,0,0.197,VETO,,vertical,-0.25
2026-07-17 13:32,TLT,TLT261218P00083000,0,0.078,VETO,,vertical,-0.009
2026-07-17 13:32,GOOGL,GOOGL260717C00350000,0,0.078,VETO,,down,-0.963
2026-07-17 13:32,SPY,SPY260724C00750000,0,0.203,VETO,,up,0.3111
2026-07-17 13:32,AAPL,AAPL260724P00325000,0,0.197,VETO,,vertical,-0.185
2026-07-17 13:32,SPCX,SPCX260724C00135000,0,0.295,VETO,,vertical,-0.308
2026-07-17 13:32,SKHY,SKHY260717P00145000,0,0.384,VETO,,down,-0.838
2026-07-17 13:32,NVDA,NVDA260717C00202500,0,0.197,VETO,,down,-0.8163
2026-07-17 13:32,CRWD,CRWD260717C00205000,0,0.162,VETO,,down,-0.6618
2026-07-17 13:32,SMH,SMH260717P00540000,0,0.197,VETO,,up,0.5224
2026-07-17 13:32,GDX,GDX260717P00070000,0,0.176,VETO,,down,-0.9932
2026-07-17 13:32,IBIT,IBIT260717C00035000,0,0.078,VETO,,up,0.4359
2026-07-17 13:32,SLV,SLV260717P00050500,0,0.162,VETO,,down,-0.7526
2026-07-17 13:32,TSLA,TSLA260821P00385000,0,0.197,VETO,,vertical,-0.0558
2026-07-17 13:42,NKE,NKE260814C00047000,1,0.072,VETO,,down,-0.9523
2026-07-17 13:42,SPY,SPY260724P00728000,0,0.203,VETO,,down,-0.512
2026-07-17 13:42,IWM,IWM260821P00278000,0,0.197,VETO,,vertical,-0.1408
2026-07-17 13:42,IWM,IWM260918P00265000,0,0.197,VETO,,vertical,-0.1008
2026-07-17 13:42,SPCX,SPCX260814P00095000,0,0.295,VETO,,vertical,-0.2709
2026-07-17 13:42,QQQ,QQQ260724C00710000,0,0.295,VETO,,up,0.4347
2026-07-17 13:42,QQQ,QQQ260717C00692000,0,0.295,VETO,,up,0.9655
2026-07-17 13:42,NKE,NKE260821C00045000,0,0.072,VETO,,vertical,-0.3213
2026-07-17 13:42,SPY,SPY260720P00741000,0,0.203,VETO,,down,-0.5462
2026-07-17 13:42,VZ,VZ261218C00050000,0,0.047,VETO,,down,-0.61
2026-07-17 13:42,HOOD,HOOD260717P00098000,0,0.078,VETO,,up,0.3327
2026-07-17 13:42,QQQ,QQQ260717C00690000,0,0.295,VETO,,up,0.9393
2026-07-17 13:42,UBER,UBER260717C00071000,0,0.027,VETO,,down,-0.6076
2026-07-17 13:42,QQQ,QQQ260717C00696000,0,0.295,VETO,,up,1.314
2026-07-17 13:42,BE,BE260717P00190000,0,0.197,VETO,,down,-0.6982
2026-07-17 13:42,RSP,RSP260717C00215000,0,0.078,VETO,,down,-0.9733
2026-07-17 13:42,EWY,EWY260731P00125000,0,0.162,VETO,,down,-0.6385
2026-07-17 13:42,XLE,XLE260918C00062500,0,0.072,VETO,,vertical,-0.1636
2026-07-17 13:51,VXX,VXX260814C00023500,1,0.176,VETO,,down,-1.028
2026-07-17 13:51,VXX,VXX260918C00022000,0,0.176,VETO,,vertical,-0.2322
2026-07-17 13:51,SPY,SPY260723P00714000,0,0.203,VETO,,down,-0.5522
2026-07-17 13:51,IWM,IWM260731P00291000,0,0.197,VETO,,vertical,-0.0708
2026-07-17 13:51,SMH,SMH260717C00550000,0,0.197,VETO,,up,0.3668
2026-07-17 13:51,QQQ,QQQ260831P00590000,0,0.295,VETO,,vertical,-0.1827
2026-07-17 13:51,QQQ,QQQ260717P00687000,0,0.295,VETO,,down,-0.6349
2026-07-17 13:51,WFC,WFC270319P00077500,0,0.027,VETO,,vertical,-0.038
2026-07-17 13:51,XLU,XLU260918C00047500,0,0.078,VETO,,vertical,-0.5247
2026-07-17 13:51,ORCL,ORCL260717C00125000,0,0.295,VETO,,up,0.9
2026-07-17 13:51,MRK,MRK260724C00135000,0,0.06,VETO,,down,-0.6489
2026-07-17 13:51,XHB,XHB260717C00112000,0,0.072,VETO,,down,-1.3782
2026-07-17 13:51,GME,GME260821C00019000,0,0.027,VETO,,vertical,-0.1413
2026-07-17 14:02,FRMI,FRMI260814C00006500,1,0.072,VETO,,down,-0.9567
2026-07-17 14:02,SPY,SPY260717C00747000,0,0.203,VETO,,down,-0.5682
2026-07-17 14:02,CRDO,CRDO260807C00260000,0,0.197,VETO,,down,-0.6418
2026-07-17 14:02,NVDA,NVDA260720C00200000,0,0.197,VETO,,up,0.37
2026-07-17 14:02,NVDA,NVDA260717C00205000,0,0.197,VETO,,up,1.1724
2026-07-17 14:02,IWM,IWM260821C00303000,0,0.197,VETO,,vertical,-0.1176
2026-07-17 14:02,SPY,SPY260717C00744000,0,0.203,VETO,,up,0.3048
2026-07-17 14:02,FRMI,FRMI260828C00007500,0,0.072,VETO,,vertical,-0.3812
2026-07-17 14:02,ADM,ADM260821C00092500,0,0.072,VETO,,vertical,-0.124
2026-07-17 14:02,TLT,TLT261218C00087000,0,0.078,VETO,,vertical,-0.0962
2026-07-17 14:02,SOXX,SOXX260717P00495000,0,0.203,VETO,,down,-1.1133
2026-07-17 14:02,NFLX,NFLX260814C00066000,0,0.295,VETO,,up,0.2843
2026-07-17 14:02,MSTR,MSTR260717P00092000,0,0.162,VETO,,down,-0.7405
2026-07-17 14:12,MO,MO261218C00085000,0,0.072,VETO,,vertical,-0.395
2026-07-17 14:12,SPY,SPY260731P00720000,0,0.203,VETO,,vertical,0.1888
2026-07-17 14:12,SPY,SPY260731P00715000,0,0.203,VETO,,up,0.2953
2026-07-17 14:12,AMD,AMD260724P00387500,0,0.176,VETO,,down,-0.609
2026-07-17 14:12,QQQ,QQQ260717P00690000,0,0.295,VETO,,up,0.2785
2026-07-17 14:12,SPY,SPY260731P00730000,0,0.203,VETO,,up,0.2992
2026-07-17 14:12,DELL,DELL260717C00400000,0,0.203,VETO,,up,0.3354
2026-07-17 14:12,DRAM,DRAM260717C00052000,0,0.197,VETO,,down,-0.6133
2026-07-17 14:12,CCL,CCL260918C00029000,0,0.008,VETO,,vertical,-0.1143
2026-07-17 14:12,NBIS,NBIS260724C00210000,0,0.229,VETO,,up,0.265
2026-07-17 14:21,EWZ,EWZ260814C00036500,1,0.072,VETO,,down,-1.1333
2026-07-17 14:21,EWZ,EWZ261218C00042000,0,0.047,VETO,,vertical,-0.1638
2026-07-17 14:21,AMD,AMD260717C00497500,0,0.176,VETO,,down,-0.5919
2026-07-17 14:21,HIMS,HIMS260724C00036500,0,0.027,VETO,,vertical,-0.4236
2026-07-17 14:21,AMD,AMD260717C00502500,0,0.176,VETO,,down,-0.6607
2026-07-17 14:21,DAR,DAR261016C00070000,0,0.027,VETO,,vertical,-0.2544
2026-07-17 14:21,QCOM,QCOM260821P00135000,0,0.197,VETO,,vertical,-0.2372
2026-07-17 14:21,IBIT,IBIT260821C00038000,0,0.078,VETO,,vertical,0.1125
2026-07-17 14:21,LITE,LITE260717C00750000,0,0.176,VETO,,down,-0.6907
2026-07-17 14:21,NOK,NOK260731P00010000,0,0.197,VETO,,vertical,-0.0725
2026-07-17 14:21,CVS,CVS260724P00106000,0,0.072,VETO,,vertical,-0.3154
2026-07-17 14:21,RSP,RSP260724P00212500,0,0.078,VETO,,up,0.6909
2026-07-17 14:21,XLV,XLV260821P00160000,0,0.162,VETO,,vertical,0.0024
2026-07-17 14:21,WULF,WULF260821C00022000,0,0.047,VETO,,vertical,0.081
2026-07-17 14:21,MSTR,MSTR260717P00094000,0,0.162,VETO,,down,-0.72
2026-07-17 14:21,MSTR,MSTR260717P00095000,0,0.162,VETO,,down,-0.587
2026-07-17 14:21,UTHR,UTHR260821P00520000,0,0.02,VETO,,vertical,-0.4702
2026-07-17 14:31,XLE,XLE260814C00060000,1,0.078,VETO,,down,-0.6557
2026-07-17 14:31,XLE,XLE260731C00056000,0,0.072,VETO,,vertical,-0.0723
2026-07-17 14:31,SPCX,SPCX260724C00130000,0,0.295,VETO,,vertical,-0.2111
2026-07-17 14:31,AVGO,AVGO260821P00290000,0,0.197,VETO,,vertical,-0.0636
2026-07-17 14:31,IWM,IWM260807P00285000,0,0.197,VETO,,vertical,0.1217
2026-07-17 14:31,XLP,XLP260918C00088000,0,0.078,VETO,,vertical,-0.4096
2026-07-17 14:31,SPY,SPY260722P00720000,0,0.203,VETO,,vertical,0.2073
2026-07-17 14:31,SPY,SPY260731P00718000,0,0.203,VETO,,vertical,0.1463
2026-07-17 14:31,QQQ,QQQ260717P00695000,0,0.295,VETO,,up,0.3651
2026-07-17 14:31,DVN,DVN260814C00044000,0,0.02,VETO,,vertical,-0.0242
2026-07-17 14:31,CLMT,CLMT261120C00055000,0,0.047,VETO,,vertical,0.06
2026-07-17 14:31,RIOT,RIOT270115C00025000,0,0.078,VETO,,vertical,-0.1754
2026-07-17 14:31,CCJ,CCJ260821P00080000,0,0.078,VETO,,vertical,-0.1121
2026-07-17 14:31,CRWV,CRWV260717C00071000,0,0.229,VETO,,up,0.43
2026-07-17 14:31,VIAV,VIAV260918P00028000,0,0.02,VETO,,vertical,-0.1854
2026-07-17 14:41,DIS,DIS260814C00102000,1,0.027,VETO,,vertical,-0.5185
2026-07-17 14:41,RSP,RSP260821C00215000,0,0.078,VETO,,vertical,-0.2925
2026-07-17 14:41,DRAM,DRAM260724P00052000,0,0.197,VETO,,vertical,0.0095
2026-07-17 14:41,DIS,DIS260724C00099000,0,0.027,VETO,,vertical,-0.3814
2026-07-17 14:41,FISV,FISV260821P00050000,0,0.06,VETO,,vertical,-0.0603
2026-07-17 14:41,SPY,SPY260717P00746000,0,0.203,VETO,,up,0.3163
2026-07-17 14:41,QQQ,QQQ260717C00698000,0,0.295,VETO,,down,-0.6164
2026-07-17 14:41,DRAM,DRAM260717P00052000,0,0.197,VETO,,down,-0.7456
2026-07-17 14:41,ABNB,ABNB260724P00147000,0,0.047,VETO,,vertical,-0.2122
2026-07-17 14:41,SIL,SIL260918C00088000,0,0.072,VETO,,vertical,-0.3081
2026-07-17 14:41,RSP,RSP260821C00220000,0,0.078,VETO,,vertical,-0.4621
2026-07-17 14:41,UEC,UEC260821C00009000,0,0.072,VETO,,vertical,0.087
2026-07-17 14:41,CWEN,CWEN261120P00035000,0,0.008,VETO,,vertical,-0.1676
2026-07-17 14:41,TCOM,TCOM260821P00040000,0,0.02,VETO,,vertical,-0.1625
2026-07-17 14:41,AMKR,AMKR260717P00060000,0,0.078,VETO,,down,-0.8727
2026-07-17 14:41,NBIS,NBIS260717C00182500,0,0.229,VETO,,down,-0.684
2026-07-17 14:51,CPNG,CPNG260814P00016000,1,0.02,VETO,,vertical,-0.3323
2026-07-17 14:51,SPY,SPY260720P00745000,0,0.203,VETO,,up,0.4214
2026-07-17 14:51,JPM,JPM260731P00332500,0,0.197,VETO,,vertical,-0.0437
2026-07-17 14:51,TE,TE280121C00010000,0,0.078,VETO,,vertical,-0.0741
2026-07-17 14:51,ITGR,ITGR260821P00085000,0,0.0,VETO,,down,-0.8282
2026-07-17 14:51,CNC,CNC260807P00064000,0,0.06,VETO,,vertical,-0.3379
2026-07-17 14:51,EWZ,EWZ261016C00038000,0,0.047,VETO,,vertical,-0.069
2026-07-17 14:51,CPNG,CPNG261120P00018000,0,0.02,VETO,,vertical,-0.1177
2026-07-17 14:51,SNDQ,SNDQ260821C00004000,0,0.047,VETO,,vertical,0.116
2026-07-17 15:01,OWL,OWL260814C00010000,1,0.02,VETO,,down,-0.9771
2026-07-17 15:01,OWL,OWL260717C00009000,0,0.02,VETO,,vertical,-0.31
2026-07-17 15:01,NN,NN270115C00020000,0,0.06,VETO,,vertical,-0.15
2026-07-17 15:01,QQQ,QQQ260717P00697000,0,0.295,VETO,,down,-0.7364
2026-07-17 15:01,OKLO,OKLO261120P00030000,0,0.078,VETO,,vertical,-0.097
2026-07-17 15:01,SPY,SPY260724P00715000,0,0.203,VETO,,vertical,0.0067
2026-07-17 15:01,SNDK,SNDK260717P01300000,0,0.197,VETO,,down,-0.7474
2026-07-17 15:01,AAPL,AAPL260717P00332500,0,0.197,VETO,,down,-0.5286
2026-07-17 15:01,PLTR,PLTR260724P00132000,0,0.197,VETO,,vertical,-0.1
2026-07-17 15:01,DELL,DELL260731P00310000,0,0.203,VETO,,vertical,-0.2935
2026-07-17 15:01,FCX,FCX260717P00061000,0,0.072,VETO,,down,-0.6523
2026-07-17 15:01,CVX,CVX260724P00185000,0,0.162,VETO,,vertical,-0.3785
2026-07-17 15:01,FSM,FSM280121C00015000,0,0.072,VETO,,vertical,-0.224
2026-07-17 15:01,EEM,EEM260717P00065000,0,0.162,VETO,,vertical,-0.2475
2026-07-17 15:01,ETHA,ETHA270617C00030000,0,0.027,VETO,,vertical,-0.2661
2026-07-17 15:01,TQQQ,TQQQ261218P00030000,0,0.078,VETO,,vertical,-0.1837
2026-07-17 15:01,AIG,AIG260821C00082500,0,0.047,VETO,,vertical,-0.0275
2026-07-17 15:12,HL,HL260814C00015000,1,0.02,VETO,,vertical,-0.3557
2026-07-17 15:12,SPCX,SPCX260731P00110000,0,0.295,VETO,,vertical,-0.1816
2026-07-17 15:12,SPCX,SPCX260717P00126000,0,0.295,VETO,,down,-0.6397
2026-07-17 15:12,QQQ,QQQ260717C00695000,0,0.295,VETO,,up,1.3008
2026-07-17 15:12,EQX,EQX261016C00010000,0,0.047,VETO,,vertical,-0.0786
2026-07-17 15:12,MRK,MRK260821C00145000,0,0.06,VETO,,down,-0.596
2026-07-17 15:12,COP,COP260724C00116000,0,0.027,VETO,,vertical,0.0256
2026-07-17 15:12,HL,HL280121C00022000,0,0.02,VETO,,vertical,-0.0844
2026-07-17 15:12,RGTI,RGTI260918C00015000,0,0.06,VETO,,vertical,0.0337
2026-07-17 15:12,AG,AG280121P00010000,0,0.072,VETO,,vertical,-0.0556
2026-07-17 15:12,FIG,FIG260724C00028500,0,0.078,VETO,,down,-0.7396
2026-07-17 15:12,XLK,XLK260724C00179000,0,0.162,VETO,,up,0.3068
2026-07-17 15:21,GLXY,GLXY260814P00020000,1,0.072,VETO,,down,-0.6209
2026-07-17 15:21,GLXY,GLXY260821P00022500,0,0.072,VETO,,vertical,-0.1582
2026-07-17 15:21,TXN,TXN261016C00450000,0,0.072,VETO,,vertical,-0.4684
2026-07-17 15:21,AKAM,AKAM260724P00119000,0,0.072,VETO,,vertical,-0.1651
2026-07-17 15:21,UCO,UCO260717C00040000,0,0.197,VETO,,up,0.155
2026-07-17 15:21,KTOS,KTOS261120P00035000,0,0.06,VETO,,vertical,-0.115
2026-07-17 15:21,DVN,DVN260731P00044000,0,0.02,VETO,,vertical,-0.1622
2026-07-17 15:21,UBER,UBER261120P00060000,0,0.027,VETO,,vertical,-0.1232
2026-07-17 15:21,MO,MO260731C00077000,0,0.072,VETO,,vertical,-0.1591
2026-07-17 15:21,CAT,CAT260717P00865000,0,0.197,VETO,,down,-0.9869
2026-07-17 15:21,XLE,XLE260821C00055000,0,0.072,VETO,,vertical,-0.0139
2026-07-17 15:21,EW,EW261120C00097500,0,0.047,VETO,,down,-0.7515
2026-07-17 15:21,TJX,TJX260724C00155000,0,0.027,VETO,,vertical,-0.468
2026-07-17 15:21,AR,AR260821C00034000,0,0.02,VETO,,vertical,-0.1097
2026-07-17 15:21,AIG,AIG260724C00080000,0,0.047,VETO,,vertical,-0.1586
2026-07-17 15:21,GLD,GLD260821C00390000,0,0.197,VETO,,vertical,-0.0297
2026-07-17 15:21,FXI,FXI260821P00035000,0,0.047,VETO,,vertical,-0.2649
2026-07-17 15:21,DKNG,DKNG260918C00025000,0,0.06,VETO,,vertical,0.1635
2026-07-17 15:32,UEC,UEC260814C00009500,1,0.06,VETO,,vertical,-0.4045
2026-07-17 15:32,PG,PG260918C00160000,0,0.078,VETO,,vertical,-0.3197
2026-07-17 15:32,QQQ,QQQ260717C00694000,0,0.295,VETO,,up,1.098
2026-07-17 15:32,GGAL,GGAL260821P00040000,0,0.02,VETO,,down,-1.2943
2026-07-17 15:32,QQQ,QQQ260717P00692000,0,0.295,VETO,,down,-0.7723
2026-07-17 15:32,XENE,XENE260821C00080000,0,0.072,VETO,,vertical,-0.5739
2026-07-17 15:32,UEC,UEC261120C00009000,0,0.072,VETO,,vertical,0.0514
2026-07-17 15:32,ADBE,ADBE260717C00235000,0,0.203,VETO,,up,0.6026
2026-07-17 15:32,SOFI,SOFI260821C00019000,0,0.162,VETO,,vertical,0.1216
2026-07-17 15:32,UNH,UNH260717P00430000,0,0.197,VETO,,down,-0.5569
2026-07-17 15:32,TLT,TLT260729P00084500,0,0.078,VETO,,vertical,0.0641
2026-07-17 15:32,HBM,HBM260821C00025000,0,0.008,VETO,,down,-0.675
2026-07-17 15:32,COHX,COHX260821C00040000,0,0.027,VETO,,vertical,-0.2379
2026-07-17 15:32,WDAY,WDAY260731C00157500,0,0.02,VETO,,vertical,0.0189
2026-07-17 15:42,XLV,XLV260814C00169000,1,0.078,VETO,,down,-1.1567
2026-07-17 15:42,QCOM,QCOM260821P00120000,0,0.197,VETO,,vertical,-0.2412
2026-07-17 15:42,AMD,AMD260717P00487500,0,0.176,VETO,,down,-0.7292
2026-07-17 15:42,META,META260717C00635000,0,0.197,VETO,,up,0.2923
2026-07-17 15:42,SPY,SPY260720P00746000,0,0.203,VETO,,up,0.4014
2026-07-17 15:42,DRAM,DRAM260717P00056000,0,0.197,VETO,,down,-0.5709
2026-07-17 15:42,SNDK,SNDK260717P01355000,0,0.197,VETO,,down,-0.9612
2026-07-17 15:42,SNXX,SNXX260717P00015000,0,0.072,VETO,,down,-0.9083
2026-07-17 15:42,XLV,XLV260821C00170000,0,0.162,VETO,,vertical,-0.467
2026-07-17 15:42,IREN,IREN260918C00060000,0,0.197,VETO,,vertical,0.0136
2026-07-17 15:42,ASTS,ASTS260724C00060000,0,0.197,VETO,,up,0.3246
2026-07-17 15:42,SOXL,SOXL260717C00135000,0,0.197,VETO,,up,0.9021
2026-07-17 15:42,CRDO,CRDO260731C00260000,0,0.197,VETO,,up,0.2357
2026-07-17 15:52,TQQQ,TQQQ260724P00062000,0,0.078,VETO,,vertical,0.0225
2026-07-17 15:52,RSP,RSP260807C00215000,0,0.078,VETO,,vertical,-0.1583
2026-07-17 15:52,IRM,IRM260821P00115000,0,0.072,VETO,,vertical,-0.3734
2026-07-17 15:52,SPY,SPY260723P00720000,0,0.203,VETO,,up,0.2951
2026-07-17 15:52,MO,MO260724P00074000,0,0.072,VETO,,vertical,-0.0389
2026-07-17 15:52,ADBE,ADBE260717C00232500,0,0.203,VETO,,up,0.5185
2026-07-17 15:52,PLTR,PLTR260731P00120000,0,0.197,VETO,,vertical,-0.1667
2026-07-17 15:52,FXI,FXI260821P00036000,0,0.047,VETO,,vertical,-0.1031
2026-07-17 15:52,XLE,XLE260724C00058000,0,0.072,VETO,,up,0.283
2026-07-17 15:52,EMN,EMN260821C00075000,0,0.027,VETO,,vertical,-0.2967
2026-07-17 15:52,GDX,GDX260821C00079000,0,0.176,VETO,,vertical,-0.0604
2026-07-17 15:52,CRCL,CRCL260821C00100000,0,0.078,VETO,,vertical,-0.0556
2026-07-17 16:02,SQQQ,SQQQ260717C00039500,0,0.197,VETO,,vertical,0.0172
2026-07-17 16:02,SQQQ,SQQQ260724C00044000,0,0.197,VETO,,up,0.3108
2026-07-17 16:02,QQQ,QQQ260717P00699000,0,0.295,VETO,,down,-0.5735
2026-07-17 16:02,USO,USO260717C00121000,0,0.176,VETO,,up,0.2233
2026-07-17 16:02,AMZN,AMZN260722C00250000,0,0.197,VETO,,vertical,-0.2522
2026-07-17 16:02,INTC,INTC260717C00095000,0,0.203,VETO,,up,0.6259
2026-07-17 16:02,SPCX,SPCX260717P00127000,0,0.295,VETO,,down,-0.583
2026-07-17 16:02,LUV,LUV260821P00050000,0,0.02,VETO,,vertical,-0.0053
2026-07-17 16:02,TNA,TNA260717P00070500,0,0.06,VETO,,down,-0.7368
2026-07-17 16:02,SOXL,SOXL260717C00140000,0,0.197,VETO,,up,0.2875
2026-07-17 16:11,NFLX,NFLX260814P00066000,1,0.203,VETO,,down,-0.5856
2026-07-17 16:11,NFLX,NFLX260724P00070000,0,0.295,VETO,,vertical,-0.1168
2026-07-17 16:11,SOFI,SOFI260821C00018000,0,0.162,VETO,,vertical,-0.0302
2026-07-17 16:11,COF,COF260724P00205000,0,0.06,VETO,,vertical,0.0333
2026-07-17 16:11,TSLA,TSLA260717C00380000,0,0.197,VETO,,down,-0.6951
2026-07-17 16:11,INTC,INTC260717C00092500,0,0.203,VETO,,up,0.3014
2026-07-17 16:11,SNOW,SNOW260724P00250000,0,0.078,VETO,,vertical,-0.3588
2026-07-17 16:11,XLK,XLK260724C00180000,0,0.162,VETO,,vertical,-0.2801
2026-07-17 16:11,CRCL,CRCL260724P00060000,0,0.078,VETO,,vertical,0.0398
2026-07-17 16:11,XLC,XLC260918C00111000,0,0.027,VETO,,vertical,-0.0194
2026-07-17 16:11,INFQ,INFQ260821C00010000,0,0.02,VETO,,vertical,-0.195
2026-07-17 16:11,SLV,SLV260918C00054000,0,0.162,VETO,,vertical,-0.042
2026-07-17 16:22,SILJ,SILJ260814P00023000,1,0.02,VETO,,down,-0.64
2026-07-17 16:22,FRMI,FRMI260918C00007000,0,0.072,VETO,,vertical,-0.1696
2026-07-17 16:22,BE,BE260724P00148000,0,0.197,VETO,,vertical,0.0331
2026-07-17 16:22,DHR,DHR260724P00192500,0,0.027,VETO,,down,-0.9043
2026-07-17 16:22,SILJ,SILJ260821P00024000,0,0.027,VETO,,vertical,-0.0976
2026-07-17 16:22,NVCT,NVCT270115C00035000,0,0.0,VETO,,down,-0.7771
2026-07-17 16:22,XLI,XLI260821C00195000,0,0.078,VETO,,vertical,-0.7857
2026-07-17 16:22,NTLA,NTLA270115C00012500,0,0.008,VETO,,vertical,-0.1857
2026-07-17 16:31,BMY,BMY260814C00064000,1,0.02,VETO,,down,-0.8179
2026-07-17 16:31,BAC,BAC260918C00060000,0,0.078,VETO,,vertical,-0.1164
2026-07-17 16:31,SNXX,SNXX260821P00010000,0,0.072,VETO,,vertical,0.0435
2026-07-17 16:31,BMY,BMY260918C00067500,0,0.02,VETO,,vertical,-0.2342
2026-07-17 16:31,QQQ,QQQ260717C00700000,0,0.295,VETO,,up,0.5604
2026-07-17 16:31,JPM,JPM260918P00290000,0,0.197,VETO,,vertical,-0.1886
2026-07-17 16:31,XLK,XLK260724C00181000,0,0.162,VETO,,vertical,-0.4167
2026-07-17 16:31,BB,BB260828C00008500,0,0.02,VETO,,vertical,-0.1192
2026-07-17 16:31,XYZ,XYZ260731C00082000,0,0.02,VETO,,vertical,-0.1062
2026-07-17 16:31,ORCL,ORCL260724P00125000,0,0.295,VETO,,vertical,0.0754
2026-07-17 16:31,SHAZ,SHAZ260821P00050000,0,0.02,VETO,,vertical,-0.403
2026-07-17 16:31,MSTR,MSTR260731P00075000,0,0.162,VETO,,vertical,-0.2717
2026-07-17 16:31,KR,KR261016C00065000,0,0.027,VETO,,vertical,-0.0748
2026-07-17 16:31,ASTS,ASTS260724P00048000,0,0.197,VETO,,down,-0.7317
2026-07-17 16:31,MSTR,MSTR260724C00096000,0,0.162,VETO,,vertical,0.0127
2026-07-17 16:31,ENR,ENR260821C00020000,0,0.008,VETO,,vertical,-0.2469
2026-07-17 16:31,CSIQ,CSIQ261016C00016000,0,0.008,VETO,,vertical,-0.178
2026-07-17 16:31,RKLB,RKLB260807C00080000,0,0.197,VETO,,vertical,-0.3412
2026-07-17 16:31,DXC,DXC260821C00010000,0,0.008,VETO,,vertical,-0.2786
2026-07-17 16:31,ORCL,ORCL270319C00125000,0,0.295,VETO,,vertical,-0.0456
2026-07-17 16:41,KO,KO260814C00085000,1,0.072,VETO,,down,-0.6399
2026-07-17 16:41,KO,KO260918C00082500,0,0.072,VETO,,vertical,-0.205
2026-07-17 16:41,UBER,UBER261016P00067500,0,0.027,VETO,,vertical,-0.1203
2026-07-17 16:41,MSFT,MSFT260724C00410000,0,0.197,VETO,,vertical,-0.0754
2026-07-17 16:41,SLV,SLV260821C00060000,0,0.162,VETO,,vertical,-0.1383
2026-07-17 16:41,GM,GM260821P00075000,0,0.072,VETO,,vertical,0.0584
2026-07-17 16:41,NFLX,NFLX260724C00068000,0,0.295,VETO,,vertical,-0.1454
2026-07-17 16:41,DKNG,DKNG261120P00022500,0,0.06,VETO,,vertical,-0.0568
2026-07-17 16:41,ADBE,ADBE260717C00237500,0,0.203,VETO,,up,0.3662
2026-07-17 16:41,FIG,FIG260821C00025000,0,0.078,VETO,,vertical,0.011
2026-07-17 16:41,B,B261016C00036000,0,0.02,VETO,,vertical,-0.1065
2026-07-17 16:41,IJR,IJR260821P00145000,0,0.078,VETO,,vertical,-0.1623
2026-07-17 16:41,TLN,TLN260717C00375000,0,0.008,VETO,,down,-0.826
2026-07-17 16:52,MAGS,MAGS260814C00070000,1,0.02,VETO,,down,-0.8762
2026-07-17 16:52,MSTR,MSTR260821P00080000,0,0.162,VETO,,vertical,-0.0663
2026-07-17 16:52,IREN,IREN260821P00027000,0,0.197,VETO,,vertical,0.0376
2026-07-17 16:52,SPY,SPY260720C00746000,0,0.203,VETO,,down,-0.5147
2026-07-17 16:52,RTX,RTX260731C00202500,0,0.02,VETO,,vertical,-0.3282
2026-07-17 16:52,IREN,IREN260724C00038000,0,0.197,VETO,,vertical,-0.2364
2026-07-17 16:52,MAGS,MAGS260918C00067000,0,0.02,VETO,,vertical,-0.1061
2026-07-17 16:52,SMR,SMR261120P00008000,0,0.072,VETO,,vertical,-0.034
2026-07-17 16:52,ADBE,ADBE260731C00260000,0,0.203,VETO,,vertical,-0.3787
2026-07-17 16:52,EWY,EWY260717P00165000,0,0.162,VETO,,down,-0.7571
2026-07-17 16:52,GPRE,GPRE260717C00018000,0,0.008,VETO,,down,-0.9424
2026-07-17 16:52,XLE,XLE260918C00059000,0,0.072,VETO,,vertical,0.0204
2026-07-17 16:52,IOVA,IOVA260717C00004500,0,0.072,VETO,,down,-0.5111
2026-07-17 16:52,CTSH,CTSH261016C00052500,0,0.02,VETO,,vertical,0.0784
2026-07-17 17:02,NN,NN260814C00013500,1,0.008,VETO,,vertical,-0.2252
2026-07-17 17:02,XLF,XLF260717C00053000,0,0.162,VETO,,vertical,-0.113
2026-07-17 17:02,PEP,PEP260731C00140000,0,0.162,VETO,,vertical,-0.1419
2026-07-17 17:02,DRAM,DRAM260717C00055000,0,0.197,VETO,,down,-0.7923
2026-07-17 17:02,TMUS,TMUS260731C00200000,0,0.02,VETO,,vertical,0.0571
2026-07-17 17:02,EEM,EEM260821C00064500,0,0.162,VETO,,vertical,-0.1074
2026-07-17 17:02,METC,METC260821C00012000,0,0.02,VETO,,vertical,-0.1633
2026-07-17 17:02,WULF,WULF260918C00020000,0,0.047,VETO,,vertical,0.0021
2026-07-17 17:11,WULF,WULF260828P00017500,1,0.06,VETO,,vertical,-0.2834
2026-07-17 17:11,SPY,SPY260724P00740000,0,0.203,VETO,,up,0.3654
2026-07-17 17:11,QQQ,QQQ260717C00701000,0,0.295,VETO,,down,-0.5444
2026-07-17 17:11,WULF,WULF270617P00012000,0,0.047,VETO,,vertical,-0.1228
2026-07-17 17:11,ARM,ARM260717P00272500,0,0.197,VETO,,up,0.4697
2026-07-17 17:11,MSFT,MSFT260821C00490000,0,0.197,VETO,,vertical,-0.0815
2026-07-17 17:11,WULF,WULF260724P00020000,0,0.047,VETO,,vertical,-0.0432
2026-07-17 17:11,WULF,WULF270115C00035000,0,0.047,VETO,,vertical,-0.2143
2026-07-17 17:11,NBIS,NBIS260724P00150000,0,0.229,VETO,,up,0.2732
2026-07-17 17:11,IONQ,IONQ260918C00060000,0,0.162,VETO,,vertical,-0.2852
2026-07-17 17:11,FIVN,FIVN260918C00027500,0,0.008,VETO,,vertical,-0.181
2026-07-17 17:11,TQQQ,TQQQ260731C00076000,0,0.078,VETO,,vertical,-0.3576
2026-07-17 17:11,HIMX,HIMX260821C00016000,0,0.02,VETO,,vertical,-0.14
2026-07-17 17:22,XPEV,XPEV260814C00014000,1,0.047,VETO,,vertical,-0.4296
2026-07-17 17:22,SKHY,SKHY260717P00165000,0,0.384,VETO,,up,0.3389
2026-07-17 17:22,IWM,IWM260821C00304000,0,0.197,VETO,,vertical,-0.0881
2026-07-17 17:22,SPY,SPY260720C00747000,0,0.203,VETO,,down,-0.5257
2026-07-17 17:22,NVDA,NVDA260821C00230000,0,0.197,VETO,,vertical,-0.2537
2026-07-17 17:22,TQQQ,TQQQ260717P00069000,0,0.078,VETO,,up,0.65
2026-07-17 17:22,UMC,UMC261016P00021000,0,0.027,VETO,,vertical,0.0
2026-07-17 17:22,MSFT,MSFT260731P00340000,0,0.197,VETO,,vertical,-0.1845
2026-07-17 17:22,QQQ,QQQ260717P00700000,0,0.295,VETO,,up,0.5492
2026-07-17 17:22,SPY,SPY260717P00745000,0,0.203,VETO,,up,0.7812
2026-07-17 17:22,DK,DK260918C00075000,0,0.008,VETO,,down,-0.9512
2026-07-17 17:22,VNOM,VNOM260821C00045000,0,0.027,VETO,,vertical,-0.729
2026-07-17 17:22,XPEV,XPEV260717C00012000,0,0.047,VETO,,vertical,-0.2667
2026-07-17 17:22,AEO,AEO260918P00019000,0,0.008,VETO,,vertical,-0.055
2026-07-17 17:22,HSY,HSY260731C00177500,0,0.02,VETO,,vertical,-0.2887
2026-07-17 17:22,COIN,COIN260918P00160000,0,0.072,VETO,,vertical,0.0052
2026-07-17 17:22,COIN,COIN260821P00160000,0,0.072,VETO,,vertical,0.0471
2026-07-17 17:32,CORZ,CORZ260814C00022000,1,0.027,VETO,,vertical,-0.3074
2026-07-17 17:32,SPY,SPY260918P00650000,0,0.203,VETO,,vertical,0.1067
2026-07-17 17:32,BMY,BMY260731P00060000,0,0.02,VETO,,vertical,-0.0761
2026-07-17 17:32,MA,MA260918C00650000,0,0.047,VETO,,vertical,-0.4756
2026-07-17 17:32,FIG,FIG260731C00025000,0,0.078,VETO,,vertical,-0.2364
2026-07-17 17:32,MRNA,MRNA260717C00060000,0,0.008,VETO,,down,-0.5857
2026-07-17 17:32,CORZ,CORZ260918C00026000,0,0.027,VETO,,vertical,-0.2681
2026-07-17 17:32,UNH,UNH260731C00470000,0,0.197,VETO,,down,-0.6929
2026-07-17 17:32,CHKP,CHKP260821C00150000,0,0.02,VETO,,vertical,-0.2333
2026-07-17 17:32,FLR,FLR260821P00042500,0,0.02,VETO,,vertical,-0.156
2026-07-17 17:32,MARA,MARA270617P00008000,0,0.06,VETO,,vertical,-0.2868
2026-07-17 17:32,IREN,IREN260717P00035000,0,0.197,VETO,,up,0.7065
2026-07-17 17:42,BMNR,BMNR260814P00015000,1,0.06,VETO,,vertical,-0.4023
2026-07-17 17:42,NVDA,NVDA260731P00175000,0,0.197,VETO,,vertical,0.1182
2026-07-17 17:42,SPY,SPY260918C00795000,0,0.203,VETO,,vertical,-0.1202
2026-07-17 17:42,NVDA,NVDA260724C00215000,0,0.197,VETO,,vertical,-0.41
2026-07-17 17:42,ENPH,ENPH260731C00043000,0,0.047,VETO,,vertical,-0.1469
2026-07-17 17:42,CVX,CVX260731C00195000,0,0.162,VETO,,vertical,0.1099
2026-07-17 17:42,AEHR,AEHR260724P00062000,0,0.008,VETO,,vertical,-0.6357
2026-07-17 17:42,GTX,GTX261016C00033000,0,0.008,VETO,,vertical,-0.2764
2026-07-17 17:42,CMG,CMG260731C00036000,0,0.008,VETO,,vertical,-0.0505
2026-07-17 17:42,EPAM,EPAM260821C00110000,0,0.008,VETO,,vertical,-0.1125
2026-07-17 17:42,BMNR,BMNR260918P00017000,0,0.072,VETO,,vertical,-0.025
2026-07-17 17:52,VG,VG260814C00014500,1,0.027,VETO,,vertical,-0.3513
2026-07-17 17:52,SPY,SPY260723C00750000,0,0.203,VETO,,vertical,-0.2094
2026-07-17 17:52,GLW,GLW260724P00144000,0,0.146,VETO,,vertical,-0.0172
2026-07-17 17:52,NFLX,NFLX260717P00070000,0,0.295,VETO,,vertical,-0.2846
2026-07-17 17:52,QQQ,QQQ260720P00696000,0,0.295,VETO,,up,0.4202
2026-07-17 17:52,UPST,UPST260918C00037500,0,0.047,VETO,,vertical,-0.1631
2026-07-17 17:52,CRWV,CRWV260724C00080000,0,0.229,VETO,,vertical,-0.1676
2026-07-17 17:52,VG,VG260731C00014500,0,0.027,VETO,,vertical,-0.26
2026-07-17 17:52,HIMS,HIMS260724C00036000,0,0.027,VETO,,vertical,-0.1929
2026-07-17 18:01,AA,AA260814P00044000,1,0.02,VETO,,vertical,-0.2803
2026-07-17 18:01,IGV,IGV260731P00091000,0,0.06,VETO,,vertical,-0.1848
2026-07-17 18:01,INTC,INTC261016P00062500,0,0.203,VETO,,vertical,-0.0477
2026-07-17 18:01,AA,AA260821P00045000,0,0.02,VETO,,vertical,0.1957
2026-07-17 18:01,NVS,NVS260821P00145000,0,0.027,VETO,,vertical,-0.1195
2026-07-17 18:01,NN,NN260821C00020000,0,0.06,VETO,,down,-0.81
2026-07-17 18:01,EWZ,EWZ260731C00036000,0,0.047,VETO,,vertical,-0.0333
2026-07-17 18:01,EQNR,EQNR260821C00040000,0,0.02,VETO,,vertical,-0.0889
2026-07-17 18:01,FIG,FIG260918C00030000,0,0.078,VETO,,vertical,-0.1149
2026-07-17 18:01,TLT,TLT260918C00087000,0,0.078,VETO,,vertical,-0.04
2026-07-17 18:01,TLT,TLT260918C00088000,0,0.078,VETO,,vertical,-0.0156
2026-07-17 18:01,USO,USO260724C00150000,0,0.176,VETO,,vertical,-0.5125
2026-07-17 18:01,FLR,FLR261016C00055000,0,0.02,VETO,,vertical,-0.2289
2026-07-17 18:11,BILL,BILL260814C00046000,1,0.06,VETO,,vertical,-0.6072
2026-07-17 18:11,CRM,CRM260724C00180000,0,0.078,VETO,,vertical,-0.1641
2026-07-17 18:11,BILL,BILL260807C00046000,0,0.06,VETO,,vertical,-0.5024
2026-07-17 18:11,DRAM,DRAM260724C00054000,0,0.197,VETO,,vertical,-0.3358
2026-07-17 18:11,AMPX,AMPX261016C00015000,0,0.027,VETO,,vertical,-0.3895
2026-07-17 18:11,IOVA,IOVA270115C00005000,0,0.072,VETO,,vertical,-0.2448
2026-07-17 18:11,FSLY,FSLY260918C00025000,0,0.072,VETO,,vertical,-0.28
2026-07-17 18:11,AIG,AIG260821C00080000,0,0.047,VETO,,vertical,-0.0017
2026-07-17 18:11,WU,WU260821C00008000,0,0.384,VETO,,up,0.2267
2026-07-17 18:11,FPS,FPS260821C00050000,0,0.027,VETO,,vertical,-0.3032
2026-07-17 18:22,BCS,BCS260821C00028000,0,0.06,VETO,,vertical,-0.1292
2026-07-17 18:22,META,META260717P00647500,0,0.197,VETO,,up,0.6493
2026-07-17 18:22,SPY,SPY260722C00748000,0,0.203,VETO,,vertical,-0.1004
2026-07-17 18:22,QQQ,QQQ260720P00695000,0,0.295,VETO,,vertical,0.1244
2026-07-17 18:22,USO,USO260724C00130000,0,0.176,VETO,,vertical,-0.1617
2026-07-17 18:22,IWM,IWM260918P00275000,0,0.197,VETO,,vertical,-0.0527
2026-07-17 18:22,CRWV,CRWV260724P00070000,0,0.229,VETO,,vertical,0.0224
2026-07-17 18:22,DINO,DINO260821C00100000,0,0.078,VETO,,vertical,-0.275
2026-07-17 18:22,RMD,RMD260918C00250000,0,0.02,VETO,,down,-0.8655
2026-07-17 18:22,GIS,GIS260821C00040000,0,0.02,VETO,,vertical,-0.1933
2026-07-17 18:22,NBIS,NBIS260724P00130000,0,0.229,VETO,,vertical,0.1771
2026-07-17 18:22,USO,USO260731C00180000,0,0.176,VETO,,vertical,-0.6667
2026-07-17 18:22,QCOM,QCOM261218C00195000,0,0.197,VETO,,vertical,-0.0909
2026-07-17 18:31,QQQ,QQQ260724P00675000,0,0.295,VETO,,vertical,0.1419
2026-07-17 18:31,SLV,SLV260821C00053000,0,0.162,VETO,,vertical,-0.0372
2026-07-17 18:31,IBIT,IBIT261016P00030000,0,0.078,VETO,,vertical,-0.0432
2026-07-17 18:31,CTSH,CTSH260918C00050000,0,0.02,VETO,,vertical,-0.3348
2026-07-17 18:31,QQQ,QQQ260720P00694000,0,0.295,VETO,,up,0.3119
2026-07-17 18:31,BE,BE260724P00165000,0,0.197,VETO,,vertical,-0.05
2026-07-17 18:31,ANET,ANET260731P00149000,0,0.078,VETO,,vertical,-0.4298
2026-07-17 18:31,SCHW,SCHW260821P00100000,0,0.02,VETO,,vertical,0.005
2026-07-17 18:31,IREN,IREN260821P00020000,0,0.197,VETO,,vertical,-0.1076
2026-07-17 18:31,AA,AA260821C00050000,0,0.02,VETO,,vertical,-0.3406
2026-07-17 18:31,VG,VG260807C00015000,0,0.027,VETO,,vertical,-0.29
2026-07-17 18:31,ELV,ELV260918C00360000,0,0.176,VETO,,vertical,-0.053
2026-07-17 18:42,CLSK,CLSK260814C00013500,1,0.02,VETO,,vertical,-0.3738
2026-07-17 18:42,QQQ,QQQ260821C00748000,0,0.295,VETO,,vertical,-0.1025
2026-07-17 18:42,QQQ,QQQ260918P00570000,0,0.295,VETO,,vertical,0.0
2026-07-17 18:42,SPY,SPY260722C00753000,0,0.203,VETO,,vertical,-0.2159
2026-07-17 18:42,CLSK,CLSK260731C00012500,0,0.02,VETO,,vertical,-0.3839
2026-07-17 18:42,IWM,IWM260730P00284000,0,0.197,VETO,,vertical,-0.0695
2026-07-17 18:42,SO,SO260821C00095000,0,0.008,VETO,,vertical,-0.12
2026-07-17 18:42,OKLO,OKLO260918C00075000,0,0.078,VETO,,vertical,-0.2043
2026-07-17 18:42,DKNG,DKNG261120C00030000,0,0.06,VETO,,vertical,-0.0417
2026-07-17 18:42,USAR,USAR280121C00060000,0,0.047,VETO,,vertical,-0.1698
2026-07-17 18:42,XLY,XLY260821C00118000,0,0.078,VETO,,vertical,-0.081
2026-07-17 18:42,XLP,XLP260821P00085000,0,0.078,VETO,,vertical,-0.1635
2026-07-17 18:42,UVXY,UVXY260717C00022000,0,0.078,VETO,,vertical,-0.1586
2026-07-17 18:42,KWEB,KWEB261218P00027000,0,0.02,VETO,,vertical,-0.2698
2026-07-17 18:42,SOFI,SOFI260731C00017000,0,0.162,VETO,,vertical,-0.0323
2026-07-17 18:42,PRDO,PRDO260918C00030000,0,0.008,VETO,,vertical,-0.0548
2026-07-17 18:51,HPQ,HPQ260814P00024000,1,0.072,VETO,,vertical,-0.5195
2026-07-17 18:51,SPY,SPY260724C00749000,0,0.203,VETO,,vertical,-0.104
2026-07-17 18:51,IWM,IWM260731P00286000,0,0.197,VETO,,vertical,-0.0569
2026-07-17 18:51,NVDA,NVDA260722C00212500,0,0.197,VETO,,vertical,-0.2753
2026-07-17 18:51,HPQ,HPQ261120P00025000,0,0.072,VETO,,vertical,-0.0458
2026-07-17 18:51,SPY,SPY260717C00745000,0,0.203,VETO,,down,-0.7745
2026-07-17 18:51,TLT,TLT260731P00084000,0,0.078,VETO,,vertical,0.15
2026-07-17 18:51,HPQ,HPQ261120C00025000,0,0.072,VETO,,vertical,-0.219
2026-07-17 18:51,AMAT,AMAT260724P00430000,0,0.162,VETO,,vertical,-0.4886
2026-07-17 18:51,NBIS,NBIS260731P00110000,0,0.229,VETO,,vertical,0.1421
2026-07-17 18:51,HPQ,HPQ261218P00024000,0,0.072,VETO,,vertical,-0.0621
2026-07-17 18:51,PLTR,PLTR260724P00129000,0,0.197,VETO,,vertical,0.0246
2026-07-17 18:51,HPQ,HPQ261218P00025000,0,0.072,VETO,,vertical,-0.1382
2026-07-17 18:51,COIN,COIN260724P00142000,0,0.072,VETO,,vertical,-0.3806
2026-07-17 18:51,MLTX,MLTX260821C00019000,0,0.02,VETO,,vertical,-0.2882
2026-07-17 18:51,DG,DG260821P00115000,0,0.027,VETO,,vertical,-0.2552
2026-07-17 18:51,ASTS,ASTS260717C00059000,0,0.197,VETO,,down,-0.6111
2026-07-17 18:51,XBI,XBI260918C00170000,0,0.072,VETO,,vertical,-0.1952
2026-07-17 19:03,TLT,TLT260814C00088000,1,0.078,VETO,,down,-0.9676
2026-07-17 19:03,IWM,IWM260731P00290000,0,0.197,VETO,,vertical,-0.0221
2026-07-17 19:03,LRCX,LRCX260731P00230000,0,0.162,VETO,,vertical,-0.3338
2026-07-17 19:03,V,V260814C00380000,0,0.06,VETO,,vertical,-0.2843
2026-07-17 19:03,SPY,SPY260724P00717000,0,0.203,VETO,,up,0.3041
2026-07-17 19:03,SPY,SPY260721C00751000,0,0.203,VETO,,vertical,-0.2167
2026-07-17 19:03,IREN,IREN260724P00031000,0,0.197,VETO,,vertical,-0.1528
2026-07-17 19:03,XYZ,XYZ260731P00081000,0,0.02,VETO,,vertical,-0.0049
2026-07-17 19:03,TLT,TLT260717C00083000,0,0.078,VETO,,vertical,-0.0665
2026-07-17 19:03,REPL,REPL260807P00004000,0,0.02,VETO,,vertical,-0.5529
2026-07-17 19:03,GDX,GDX260724P00070000,0,0.176,VETO,,vertical,-0.1909
2026-07-17 19:03,EWY,EWY260724P00145000,0,0.162,VETO,,vertical,-0.05
2026-07-17 19:03,ADPT,ADPT260821P00022500,0,0.008,VETO,,down,-0.5317
2026-07-17 19:03,BOIL,BOIL260724C00023000,0,0.008,VETO,,vertical,-0.0818
2026-07-17 19:03,LQDA,LQDA260821P00065000,0,0.027,VETO,,vertical,-0.5879
2026-07-17 19:12,WULF,WULF260828C00018500,1,0.047,VETO,,vertical,-0.17
2026-07-17 19:12,OKLO,OKLO260724C00041500,0,0.078,VETO,,vertical,-0.2018
2026-07-17 19:12,IWM,IWM260821P00279000,0,0.197,VETO,,vertical,-0.0886
2026-07-17 19:12,SPY,SPY260731P00707000,0,0.203,VETO,,vertical,-0.0909
2026-07-17 19:12,CRWV,CRWV260918C00195000,0,0.229,VETO,,down,-0.75
2026-07-17 19:12,SKHY,SKHY260717C00155000,0,0.384,VETO,,down,-0.6896
2026-07-17 19:12,IFF,IFF260918C00082500,0,0.027,VETO,,down,-0.8739
2026-07-17 19:12,IBM,IBM260731C00237500,0,0.197,VETO,,vertical,-0.3373
2026-07-17 19:12,WULF,WULF260724C00018000,0,0.047,VETO,,vertical,0.1122
2026-07-17 19:12,INTC,INTC260821C00170000,0,0.203,VETO,,vertical,-0.1528
2026-07-17 19:12,CCL,CCL260717C00023000,0,0.008,VETO,,vertical,-0.1357
2026-07-17 19:12,TPR,TPR260724P00141000,0,0.02,VETO,,vertical,-0.3203
2026-07-17 19:12,AFRM,AFRM260731P00075000,0,0.027,VETO,,vertical,-0.0827
2026-07-17 19:12,CCL,CCL260821P00026000,0,0.008,VETO,,vertical,-0.0597
2026-07-17 19:21,UVXY,UVXY260814C00026500,1,0.078,VETO,,down,-1.0438
2026-07-17 19:21,SPY,SPY260717P00743000,0,0.203,VETO,,down,-0.6989
2026-07-17 19:21,QQQ,QQQ260723P00650000,0,0.295,VETO,,vertical,-0.1122
2026-07-17 19:21,RIOT,RIOT260731P00015500,0,0.078,VETO,,vertical,-0.5745
2026-07-17 19:21,AMAT,AMAT260717C00525000,0,0.162,VETO,,vertical,-0.7523
2026-07-17 19:21,WFC,WFC260821P00087500,0,0.027,VETO,,vertical,-0.055
2026-07-17 19:21,B,B260821P00033000,0,0.02,VETO,,vertical,-0.1336
2026-07-17 19:21,SILJ,SILJ260918P00020000,0,0.027,VETO,,vertical,-0.1857
2026-07-17 19:21,RBRK,RBRK260918C00110000,0,0.02,VETO,,vertical,-0.3347
2026-07-17 19:21,BB,BB260814P00010000,0,0.02,VETO,,vertical,-0.0594
2026-07-17 19:21,KR,KR260807C00058000,0,0.027,VETO,,vertical,-0.0833
2026-07-17 19:21,XLC,XLC260918P00111000,0,0.027,VETO,,vertical,-0.1441
2026-07-17 19:21,W,W260821C00105000,0,0.02,VETO,,vertical,-0.0456
2026-07-17 19:21,WYNN,WYNN260731P00088000,0,0.027,VETO,,vertical,-0.4211
2026-07-17 19:21,ONON,ONON260821P00037500,0,0.06,VETO,,vertical,-0.1545
2026-07-17 19:21,RIOT,RIOT260724C00019500,0,0.078,VETO,,vertical,-0.1574
2026-07-17 19:21,SOFI,SOFI270115P00012000,0,0.162,VETO,,vertical,-0.075
2026-07-17 19:21,MU,MU260724C01000000,0,0.162,VETO,,vertical,-0.2387
2026-07-17 19:21,QQQ,QQQ260821P00688000,0,0.295,VETO,,vertical,-0.0078
2026-07-17 19:32,TSLQ,TSLQ260717C00017000,0,0.02,VETO,,vertical,-0.0674
2026-07-17 19:32,SPY,SPY260720C00745000,0,0.203,VETO,,vertical,-0.0026
2026-07-17 19:32,XYZ,XYZ260731P00080000,0,0.02,VETO,,vertical,-0.0281
2026-07-17 19:32,FTNT,FTNT260724P00157500,0,0.02,VETO,,vertical,-0.0983
2026-07-17 19:32,BHVN,BHVN261016C00020000,0,0.02,VETO,,vertical,-0.1243
2026-07-17 19:32,ZTS,ZTS260717P00080000,0,0.02,VETO,,vertical,-0.2711
2026-07-17 19:32,QCOM,QCOM260918P00175000,0,0.197,VETO,,vertical,-0.0969
2026-07-17 19:41,NN,NN260814C00013500,1,0.06,VETO,,vertical,-0.3917
2026-07-17 19:41,HIMS,HIMS260807P00028000,0,0.027,VETO,,vertical,-0.0714
2026-07-17 19:41,SPCX,SPCX260724C00150000,0,0.295,VETO,,vertical,-0.26
2026-07-17 19:41,NN,NN260821C00012000,0,0.06,VETO,,vertical,-0.0143
2026-07-17 19:41,EWY,EWY260724P00135000,0,0.162,VETO,,vertical,-0.1889
2026-07-17 19:41,CVNA,CVNA260821C00085000,0,0.078,VETO,,vertical,-0.2308
2026-07-17 19:41,NEM,NEM260821C00100000,0,0.078,VETO,,vertical,-0.1091
2026-07-17 19:41,HIMS,HIMS260724P00031000,0,0.027,VETO,,vertical,-0.032
2026-07-17 19:41,CMG,CMG260717C00032500,0,0.008,VETO,,vertical,-0.1182
2026-07-17 19:41,MARA,MARA260731C00010500,0,0.06,VETO,,vertical,-0.0667
2026-07-17 19:51,KRE,KRE260814P00073500,1,0.072,VETO,,vertical,-0.8054
2026-07-17 19:51,NVDA,NVDA260722P00202500,0,0.197,VETO,,vertical,-0.0087
2026-07-17 19:51,AAPL,AAPL260724C00337500,0,0.197,VETO,,vertical,-0.1136
2026-07-17 19:51,NVDA,NVDA260720C00205000,0,0.197,VETO,,vertical,-0.1938
2026-07-17 19:51,MRVL,MRVL260717P00192500,0,0.197,VETO,,vertical,-0.388
2026-07-17 19:51,SLS,SLS260724P00010500,0,0.06,VETO,,vertical,-0.7769
2026-07-17 19:51,FRMI,FRMI260821C00009000,0,0.072,VETO,,vertical,-0.2889
2026-07-17 19:51,CRWD,CRWD260717C00200000,0,0.162,VETO,,vertical,-0.52
2026-07-17 19:51,KRE,KRE261016P00070000,0,0.072,VETO,,vertical,-0.108
2026-07-17 19:51,DGXX,DGXX260918C00005000,0,0.02,VETO,,vertical,-0.16
2026-07-17 19:51,KRE,KRE261016P00065000,0,0.072,VETO,,vertical,-0.2812
2026-07-17 19:51,GDX,GDX260724C00072000,0,0.176,VETO,,vertical,-0.0349
2026-07-17 19:51,BABA,BABA260731P00113000,0,0.078,VETO,,vertical,-0.0484
2026-07-17 19:51,DVN,DVN260821C00042500,0,0.02,VETO,,vertical,-0.0404
2026-07-17 19:51,LUV,LUV260918P00040000,0,0.02,VETO,,vertical,-0.1579
2026-07-20 13:32,SPY,SPY260807P00725000,0,0.439,VETO,,up,0.3747
2026-07-20 13:32,SPCX,SPCX260731P00118000,0,0.439,VETO,,up,0.3341
2026-07-20 13:32,SQQQ,SQQQ260724C00047000,0,0.203,VETO,,down,-1.0581
2026-07-20 13:32,TQQQ,TQQQ260724P00065000,0,0.43,VETO,,down,-0.5909
2026-07-20 13:32,MU,MU260814P00660000,0,0.386,VETO,,down,-0.6652
2026-07-20 13:44,IWM,IWM260731P00284000,0,0.439,VETO,,up,0.2991
2026-07-20 13:44,RDW,RDW270115C00010000,0,0.146,VETO,,down,-0.5591
2026-07-20 13:44,IWM,IWM260731P00286000,0,0.439,VETO,,up,0.3592
2026-07-20 13:44,QQQ,QQQ260720C00705000,0,0.295,VETO,,down,-0.6588
2026-07-20 13:44,SFM,SFM260821P00065000,0,0.162,VETO,,down,-0.7614
2026-07-20 13:44,PLTR,PLTR260724P00125000,0,0.439,VETO,,up,0.3425
2026-07-20 13:44,TEM,TEM261016C00085000,0,0.197,VETO,,down,-0.7664
2026-07-20 13:44,WULF,WULF260828C00025000,0,0.295,VETO,,down,-0.7649
2026-07-20 13:44,DRAM,DRAM260731C00060000,0,0.386,VETO,,up,0.3534
2026-07-20 13:51,SPY,SPY260731P00725000,0,0.439,VETO,,up,0.3196
2026-07-20 13:51,EWY,EWY260724P00145000,0,0.295,VETO,,down,-1.0455
2026-07-20 13:51,WULF,WULF260821C00024000,0,0.295,VETO,,down,-0.6289
2026-07-20 13:51,BABA,BABA260724C00120000,0,0.439,VETO,,up,0.4207
2026-07-20 13:51,QQQ,QQQ260720P00702000,0,0.295,VETO,,up,0.9542
2026-07-20 13:51,TSLA,TSLA260720P00380000,0,0.439,VETO,,up,1.0799
2026-07-20 13:51,BABA,BABA260724C00118000,0,0.439,VETO,,up,0.2985
2026-07-20 13:51,BABA,BABA260724C00121000,0,0.439,VETO,,up,0.2914
2026-07-20 13:51,BABA,BABA260724C00119000,0,0.439,VETO,,up,0.4278
2026-07-20 13:51,GE,GE260807P00320000,0,0.197,VETO,,down,-0.8979
2026-07-20 13:51,SQQQ,SQQQ260731C00051000,0,0.203,VETO,,down,-0.549
2026-07-20 13:51,SCHW,SCHW260724P00100000,0,0.176,VETO,,down,-0.9503
2026-07-20 14:02,NCLH,NCLH260821C00020000,1,0.176,VETO,,down,-0.6008
2026-07-20 14:02,AMD,AMD260722P00475000,0,0.439,VETO,,down,-0.8712
2026-07-20 14:02,QQQ,QQQ260721P00696000,0,0.295,VETO,,up,0.3254
2026-07-20 14:02,DIA,DIA260724C00523000,0,0.295,VETO,,down,-0.5457
2026-07-20 14:02,SPY,SPY260722P00729000,0,0.439,VETO,,up,0.3523
2026-07-20 14:02,SPY,SPY260720P00748000,0,0.439,VETO,,up,0.5122
2026-07-20 14:02,AMZN,AMZN260720P00250000,0,0.384,VETO,,down,-0.5476
2026-07-20 14:02,ARKK,ARKK260821C00080000,0,0.203,VETO,,up,0.4375
2026-07-20 14:11,MARA,MARA260821P00011000,1,0.295,VETO,,down,-0.6732
2026-07-20 14:11,SPY,SPY260720P00745000,0,0.439,VETO,,up,0.3311
2026-07-20 14:11,SPY,SPY260721P00745000,0,0.439,VETO,,up,0.3855
2026-07-20 14:11,AAPL,AAPL260724P00320000,0,0.391,VETO,,up,0.3596
2026-07-20 14:11,QQQ,QQQ260720C00702000,0,0.295,VETO,,down,-0.6626
2026-07-20 14:11,MRVL,MRVL260821C00280000,0,0.449,VETO,,up,0.2814
2026-07-20 14:11,BIDU,BIDU260724C00109000,0,0.197,VETO,,down,-0.6786
2026-07-20 14:11,SOXL,SOXL260731C00220000,0,0.295,VETO,,down,-0.5658
2026-07-20 14:11,CPNG,CPNG260724C00016000,0,0.197,VETO,,down,-0.8188
2026-07-20 14:21,EEM,EEM260821C00066500,1,0.203,VETO,,down,-0.781
2026-07-20 14:21,SPY,SPY260720P00744000,0,0.439,VETO,,down,-0.6223
2026-07-20 14:21,QQQ,QQQ260721P00695000,0,0.295,VETO,,down,-0.5297
2026-07-20 14:21,BE,BE260807C00375000,0,0.386,VETO,,up,0.1464
2026-07-20 14:21,GM,GM260821C00082000,0,0.295,VETO,,up,0.4758
2026-07-20 14:21,SPY,SPY260722P00727000,0,0.439,VETO,,down,-0.8256
2026-07-20 14:21,KO,KO261016C00087500,0,0.203,VETO,,down,-0.8445
2026-07-20 14:21,AEP,AEP260821C00135000,0,0.176,VETO,,down,-0.7865
2026-07-20 14:21,OKTA,OKTA260724P00141000,0,0.295,VETO,,up,0.3049
2026-07-20 14:31,WFC,WFC260821P00083000,1,0.197,VETO,,down,-0.6105
2026-07-20 14:31,WFC,WFC260731P00086000,0,0.197,VETO,,down,-0.6056
2026-07-20 14:31,MSTR,MSTR260724C00106000,0,0.43,VETO,,up,0.53
2026-07-20 14:31,KDP,KDP260918C00032000,0,0.197,VETO,,down,-1.0833
2026-07-20 14:31,ORCL,ORCL260724C00125000,0,0.439,VETO,,up,0.3441
2026-07-20 14:31,HOOD,HOOD260724C00101000,0,0.439,VETO,,up,0.6985
2026-07-20 14:31,ARKK,ARKK260821C00085000,0,0.203,VETO,,up,0.2365
2026-07-20 14:31,PRTA,PRTA260821C00009000,0,0.0,VETO,,down,-0.5667
2026-07-20 14:31,FIGR,FIGR260821C00035000,0,0.295,VETO,,up,0.2804
2026-07-20 14:31,NBIS,NBIS260731P00110000,0,0.295,VETO,,down,-0.7028
2026-07-20 14:42,BUD,BUD260821C00084000,1,0.078,VETO,,down,-0.5704
2026-07-20 14:42,PLTR,PLTR260724C00134000,0,0.439,VETO,,up,0.3371
2026-07-20 14:42,GOOGL,GOOGL260720C00357500,0,0.384,VETO,,down,-0.6573
2026-07-20 14:42,TSM,TSM260731P00345000,0,0.384,VETO,,down,-0.9841
2026-07-20 14:42,MDT,MDT260807C00088000,0,0.176,VETO,,down,-0.736
2026-07-20 14:42,SPY,SPY260720C00744000,0,0.439,VETO,,down,-0.6193
2026-07-20 14:42,ADBE,ADBE260821C00275000,0,0.391,VETO,,up,0.257
2026-07-20 14:42,INTC,INTC260720P00097000,0,0.449,VETO,,up,0.7292
2026-07-20 14:42,WDAY,WDAY260821C00170000,0,0.197,VETO,,down,-0.6462
2026-07-20 14:52,ARKG,ARKG260821P00037000,1,0.197,VETO,,down,-0.5897
2026-07-20 14:52,ARM,ARM260724P00237500,0,0.295,VETO,,down,-0.7485
2026-07-20 14:52,TER,TER260724P00290000,0,0.176,VETO,,down,-1.0934
2026-07-20 14:52,SPY,SPY260722C00746000,0,0.439,VETO,,up,0.3231
2026-07-20 14:52,QQQ,QQQ260720P00695000,0,0.295,VETO,,up,0.4036
2026-07-20 14:52,IWM,IWM260729C00297000,0,0.439,VETO,,up,0.3279
2026-07-20 14:52,USO,USO260724C00130000,0,0.439,VETO,,up,0.2974
2026-07-20 14:52,NVDA,NVDA260724P00205000,0,0.439,VETO,,up,0.3013
2026-07-20 14:52,ELF,ELF260807P00069000,0,0.197,VETO,,down,-0.889
2026-07-20 15:02,NVDL,NVDL260821C00032330,1,0.203,VETO,,down,-0.7326
2026-07-20 15:02,QQQ,QQQ260720P00698000,0,0.295,VETO,,down,-0.7109
2026-07-20 15:02,AMKR,AMKR260821P00049000,0,0.197,VETO,,down,-0.88
2026-07-20 15:02,SPY,SPY260724P00728000,0,0.439,VETO,,down,-0.561
2026-07-20 15:02,WULF,WULF260731P00018000,0,0.295,VETO,,down,-0.5485
2026-07-20 15:02,HIMS,HIMS260807C00042000,0,0.295,VETO,,down,-1.0923
2026-07-20 15:02,ERIC,ERIC270115C00012000,0,0.072,VETO,,down,-1.125
2026-07-20 15:02,SPY,SPY260803P00710000,0,0.439,VETO,,down,-0.5058
2026-07-20 15:02,SPY,SPY260722C00748000,0,0.439,VETO,,up,0.4063
2026-07-20 15:02,QQQ,QQQ260720P00696000,0,0.295,VETO,,down,-0.6808
2026-07-20 15:02,SPY,SPY260720P00746000,0,0.439,VETO,,down,-0.5423
2026-07-20 15:02,GOOGL,GOOGL260720C00355000,0,0.384,VETO,,down,-0.5837
2026-07-20 15:02,SLI,SLI260821P00002500,0,0.008,VETO,,down,-0.7667
2026-07-20 15:02,ARKK,ARKK260724P00074000,0,0.203,VETO,,down,-0.5463
2026-07-20 15:02,CRCL,CRCL260731C00066000,0,0.449,VETO,,up,0.2905
2026-07-20 15:12,ONDS,ONDS260821C00007000,1,0.295,VETO,,up,0.2836
2026-07-20 15:12,CORZ,CORZ260731C00023000,0,0.439,VETO,,up,0.4028
2026-07-20 15:12,ON,ON260731P00075000,0,0.203,VETO,,down,-0.6569
2026-07-20 15:12,LUV,LUV260918P00047500,0,0.197,VETO,,down,-0.54
2026-07-20 15:12,SLV,SLV260731C00052000,0,0.439,VETO,,up,0.4184
2026-07-20 15:12,NVDA,NVDA260722C00210000,0,0.439,VETO,,down,-0.5574
2026-07-20 15:12,SPCX,SPCX260807C00175000,0,0.439,VETO,,up,0.2958
2026-07-20 15:12,INTC,INTC260722P00091000,0,0.449,VETO,,down,-0.8247
2026-07-20 15:12,TIGO,TIGO260821P00090000,0,0.078,VETO,,down,-0.5733
2026-07-20 15:21,ABT,ABT260821C00106000,1,0.203,VETO,,down,-0.6697
2026-07-20 15:21,ABT,ABT260731C00105000,0,0.197,VETO,,down,-0.7909
2026-07-20 15:21,ISRG,ISRG260731C00370000,0,0.439,VETO,,up,0.2914
2026-07-20 15:21,INTC,INTC260724C00107000,0,0.449,VETO,,up,0.4029
2026-07-20 15:21,AMAT,AMAT260724P00435000,0,0.295,VETO,,down,-1.0418
2026-07-20 15:21,ZION,ZION261120C00075000,0,0.182,VETO,,down,-0.6205
2026-07-20 15:21,CCJ,CCJ260821P00075000,0,0.203,VETO,,down,-1.017
2026-07-20 15:21,SMMT,SMMT260724C00014500,0,0.072,VETO,,down,-0.6238
2026-07-20 15:21,XLI,XLI270115C00215000,0,0.203,VETO,,down,-0.724
2026-07-20 15:21,EMN,EMN260918C00080000,0,0.162,VETO,,down,-1.0789
2026-07-20 15:32,RIOT,RIOT260821P00019000,1,0.203,VETO,,down,-0.5869
2026-07-20 15:32,NOK,NOK260821C00010000,0,0.43,VETO,,up,0.2991
2026-07-20 15:32,QQQ,QQQ260720C00699000,0,0.295,VETO,,up,0.438
2026-07-20 15:32,SPY,SPY260722C00747000,0,0.439,VETO,,down,-0.5582
2026-07-20 15:32,ORCL,ORCL260724C00123000,0,0.439,VETO,,up,0.3213
2026-07-20 15:32,PLTR,PLTR260724C00138000,0,0.439,VETO,,up,0.3743
2026-07-20 15:32,CXW,CXW260821C00032000,0,0.162,VETO,,down,-0.6217
2026-07-20 15:32,BABA,BABA260724C00126000,0,0.439,VETO,,up,0.302
2026-07-20 15:32,RIOT,RIOT260828P00014000,0,0.203,VETO,,down,-0.875
2026-07-20 15:41,CIFR,CIFR260821P00019500,1,0.384,VETO,,down,-0.6229
2026-07-20 15:41,NVDA,NVDA260722P00207500,0,0.439,VETO,,up,0.3694
2026-07-20 15:41,TLT,TLT260724C00084000,0,0.176,VETO,,down,-0.5857
2026-07-20 15:41,CIFR,CIFR260807P00015000,0,0.295,VETO,,down,-0.5909
2026-07-20 15:41,HPQ,HPQ260821P00021500,0,0.197,VETO,,down,-1.0455
2026-07-20 15:41,APLD,APLD260724C00028500,0,0.449,VETO,,up,0.4854
2026-07-20 15:41,GEHC,GEHC261016C00072500,0,0.162,VETO,,down,-0.9323
2026-07-20 15:51,AMZN,AMZN260724P00247500,0,0.384,VETO,,up,0.3226
2026-07-20 15:51,IREN,IREN260724P00038000,0,0.295,VETO,,down,-0.5909
2026-07-20 15:51,SPCX,SPCX260724C00124000,0,0.439,VETO,,up,0.2872
2026-07-20 15:51,ABBV,ABBV260724P00255000,0,0.203,VETO,,down,-0.5701
2026-07-20 15:51,SEI,SEI260821C00070000,0,0.203,VETO,,up,0.3694
2026-07-20 15:51,MSTR,MSTR260724P00097000,0,0.43,VETO,,down,-0.5839
2026-07-20 16:02,NVDA,NVDA260731P00200000,0,0.439,VETO,,up,0.3162
2026-07-20 16:02,MCD,MCD260724C00277500,0,0.203,VETO,,down,-0.6484
2026-07-20 16:12,TSLA,TSLA260720C00375000,0,0.439,VETO,,down,-0.6432
2026-07-20 16:12,MU,MU260720C00910000,0,0.386,VETO,,down,-0.5642
2026-07-20 16:12,ADBE,ADBE260731C00255000,0,0.391,VETO,,down,-0.9238
2026-07-20 16:12,MRVL,MRVL260724P00185000,0,0.449,VETO,,up,0.3225
2026-07-20 16:12,MSTR,MSTR260724C00100000,0,0.43,VETO,,up,0.4459
2026-07-20 16:12,UPRO,UPRO260828C00155000,0,0.203,VETO,,down,-0.6714
2026-07-20 16:22,AMPG,AMPG260821C00006500,1,0.072,VETO,,down,-1.1048
2026-07-20 16:22,BABA,BABA260807C00130000,0,0.439,VETO,,down,-0.5143
2026-07-20 16:22,MGK,MGK260821P00087000,0,0.162,VETO,,down,-0.5947
2026-07-20 16:22,AMD,AMD260724C00585000,0,0.439,VETO,,up,0.3203
2026-07-20 16:22,GM,GM260724C00078000,0,0.295,VETO,,up,0.288
2026-07-20 16:22,NVS,NVS260821C00155000,0,0.295,VETO,,up,0.3744
2026-07-20 16:22,PLTR,PLTR260724C00140000,0,0.439,VETO,,down,-0.5912
2026-07-20 16:22,MARA,MARA260724C00012000,0,0.384,VETO,,up,0.3192
2026-07-20 16:22,AMPG,AMPG260724C00006000,0,0.072,VETO,,down,-0.6727
2026-07-20 16:22,NKLR,NKLR261218C00005000,0,0.02,VETO,,down,-0.7242
2026-07-20 16:22,COIN,COIN260724C00170000,0,0.295,VETO,,up,0.6888
2026-07-20 16:22,AVAV,AVAV260731C00170000,0,0.197,VETO,,down,-0.7458
2026-07-20 16:31,ACHR,ACHR260821C00005500,1,0.203,VETO,,down,-0.5316
2026-07-20 16:31,QQQ,QQQ260720C00701000,0,0.295,VETO,,down,-0.5483
2026-07-20 16:31,SLV,SLV260722P00051500,0,0.439,VETO,,up,0.3359
2026-07-20 16:31,CLF,CLF260724C00009500,0,0.162,VETO,,down,-0.7381
2026-07-20 16:31,KWEB,KWEB260807C00029000,0,0.162,VETO,,down,-1.0581
2026-07-20 16:31,CXW,CXW260821P00031000,0,0.162,VETO,,down,-0.9529
2026-07-20 16:31,PRGO,PRGO260821C00010000,0,0.02,VETO,,down,-0.6367
2026-07-20 16:31,ES,ES260821P00075000,0,0.176,VETO,,down,-0.88
2026-07-20 16:31,JBL,JBL260724C00330000,0,0.176,VETO,,down,-0.7469
2026-07-20 16:31,DUOL,DUOL260724C00146000,0,0.162,VETO,,down,-1.024
2026-07-20 16:42,SPY,SPY260723P00741000,0,0.439,VETO,,up,0.4645
2026-07-20 16:42,RRC,RRC260821C00041000,0,0.078,VETO,,down,-0.71
2026-07-20 16:42,QQQ,QQQ260731C00725000,0,0.295,VETO,,up,0.3032
2026-07-20 16:42,CCJ,CCJ260724C00085000,0,0.203,VETO,,up,0.5088
2026-07-20 16:42,RGTI,RGTI260724C00015000,0,0.439,VETO,,up,0.3889
2026-07-20 16:42,MXL,MXL260821C00095000,0,0.384,VETO,,up,0.3573
2026-07-20 16:51,JPM,JPM260724P00335000,0,0.439,VETO,,up,0.273
2026-07-20 16:51,HPE,HPE260731P00040000,0,0.203,VETO,,down,-1.0303
2026-07-20 16:51,BABA,BABA260807C00145000,0,0.439,VETO,,down,-0.6875
2026-07-20 16:51,BULL,BULL260814C00008000,0,0.078,VETO,,down,-0.6154
2026-07-20 16:51,ENVX,ENVX260807C00005000,0,0.072,VETO,,down,-1.0143
2026-07-20 16:51,MDB,MDB260828P00270000,0,0.203,VETO,,down,-0.8134
2026-07-20 17:02,MMM,MMM260821C00170000,0,0.384,VETO,,up,1.2226
2026-07-20 17:02,SOXL,SOXL260821P00061000,0,0.295,VETO,,down,-0.6863
2026-07-20 17:02,AMZN,AMZN260720C00250000,0,0.384,VETO,,down,-0.7569
2026-07-20 17:02,QQQ,QQQ260720P00700000,0,0.295,VETO,,up,0.6396
2026-07-20 17:02,SNDK,SNDK260724P00770000,0,0.295,VETO,,down,-1.1292
2026-07-20 17:02,UHS,UHS260918P00135000,0,0.197,VETO,,down,-0.68
2026-07-20 17:02,HAL,HAL260724C00036000,0,0.162,VETO,,down,-1.0
2026-07-20 17:12,GSK,GSK260821C00052000,1,0.078,VETO,,down,-0.6377
2026-07-20 17:12,KO,KO260731P00082000,0,0.203,VETO,,down,-0.8989
2026-07-20 17:12,SMH,SMH260722C00590000,0,0.203,VETO,,down,-0.5935
2026-07-20 17:12,SPY,SPY260720C00743000,0,0.439,VETO,,down,-0.6257
2026-07-20 17:12,SPY,SPY260724P00721000,0,0.439,VETO,,down,-0.5351
2026-07-20 17:12,MSFT,MSFT260724C00425000,0,0.295,VETO,,down,-0.6682
2026-07-20 17:12,CRM,CRM260814C00195000,0,0.295,VETO,,down,-0.584
2026-07-20 17:12,HPE,HPE260731P00041000,0,0.203,VETO,,down,-1.0278
2026-07-20 17:12,CLF,CLF260731C00009000,0,0.162,VETO,,down,-1.0357
2026-07-20 17:12,SOLS,SOLS260821P00050000,0,0.197,VETO,,down,-0.8033
2026-07-20 17:22,ADBE,ADBE260724C00245000,0,0.391,VETO,,down,-0.9807
2026-07-20 17:22,AS,AS260821P00037500,0,0.072,VETO,,down,-0.579
2026-07-20 17:22,ANET,ANET260731P00145000,0,0.203,VETO,,down,-0.7933
2026-07-20 17:22,VTRS,VTRS260821P00017000,0,0.072,VETO,,down,-0.7562
2026-07-20 17:22,GM,GM260821P00070000,0,0.295,VETO,,down,-0.6884
2026-07-20 17:22,NBIS,NBIS260814P00090000,0,0.295,VETO,,down,-0.6104
2026-07-20 17:22,CRCL,CRCL260731P00050000,0,0.449,VETO,,down,-0.8947
2026-07-20 17:32,SPY,SPY260724P00740000,0,0.439,VETO,,down,-0.5508
2026-07-20 17:32,CAT,CAT260724P00785000,0,0.203,VETO,,down,-1.1308
2026-07-20 17:32,INTC,INTC260722P00090000,0,0.449,VETO,,up,0.3016
2026-07-20 17:32,TWLO,TWLO260731C00230000,0,0.197,VETO,,down,-0.7067
2026-07-20 17:32,NFLX,NFLX260724C00070000,0,0.386,VETO,,down,-0.5222
2026-07-20 17:32,CRWV,CRWV260724P00062000,0,0.295,VETO,,down,-1.0303
2026-07-20 17:42,WMT,WMT260821C00117000,1,0.295,VETO,,down,-0.5734
2026-07-20 17:42,NVDA,NVDA260727P00195000,0,0.439,VETO,,down,-0.6066
2026-07-20 17:42,HOOD,HOOD260724P00101000,0,0.439,VETO,,down,-0.6044
2026-07-20 17:42,MSFT,MSFT260722C00405000,0,0.295,VETO,,down,-0.6206
2026-07-20 17:42,HOOD,HOOD260918C00130000,0,0.439,VETO,,up,0.4558
2026-07-20 17:42,NVDA,NVDA260720C00202500,0,0.439,VETO,,down,-0.527
2026-07-20 17:42,ASTS,ASTS260821C00070000,0,0.439,VETO,,up,0.3063
2026-07-20 17:42,WBD,WBD260821C00027000,0,0.197,VETO,,down,-0.7151
2026-07-20 17:42,IBIT,IBIT260724P00036500,0,0.203,VETO,,down,-0.6806
2026-07-20 17:51,IREN,IREN260724P00039000,0,0.295,VETO,,down,-0.5686
2026-07-20 17:51,OKLO,OKLO260731C00040500,0,0.449,VETO,,up,0.3047
2026-07-20 17:51,AVGO,AVGO260731P00317500,0,0.295,VETO,,down,-0.8136
2026-07-20 17:51,AMAT,AMAT260807P00360000,0,0.295,VETO,,down,-0.8892
2026-07-20 17:51,GLD,GLD260729C00376000,0,0.295,VETO,,up,0.4947
2026-07-20 17:51,SMCI,SMCI260724P00024000,0,0.295,VETO,,down,-0.5116
2026-07-20 17:51,KRC,KRC261120C00042500,0,0.078,VETO,,down,-0.8
2026-07-20 17:51,IREN,IREN260724P00039500,0,0.295,VETO,,down,-0.625
2026-07-20 18:01,AMZN,AMZN260724P00245000,0,0.384,VETO,,up,0.3155
2026-07-20 18:01,PAAS,PAAS260821C00042500,0,0.295,VETO,,up,0.3614
2026-07-20 18:01,WDC,WDC260724P00390000,0,0.203,VETO,,down,-1.0393
2026-07-20 18:01,RGTI,RGTI260724C00014500,0,0.439,VETO,,up,0.3629
2026-07-20 18:01,WDAY,WDAY260918C00195000,0,0.197,VETO,,down,-0.6121
2026-07-20 18:01,RSP,RSP260724C00215000,0,0.197,VETO,,down,-1.1364
2026-07-20 18:01,SCHW,SCHW260724P00099000,0,0.176,VETO,,down,-1.055
2026-07-20 18:01,TTD,TTD260724P00019000,0,0.295,VETO,,up,0.2603
2026-07-20 18:01,REPL,REPL260731C00011000,0,0.072,VETO,,down,-0.771
2026-07-20 18:01,UNM,UNM260821C00092500,0,0.162,VETO,,down,-0.7902
2026-07-20 18:01,RKLB,RKLB260724P00060000,0,0.295,VETO,,down,-0.6667
2026-07-20 18:12,AMZN,AMZN260722C00250000,0,0.384,VETO,,down,-0.6125
2026-07-20 18:12,NBIS,NBIS260821P00040000,0,0.295,VETO,,down,-0.6023
2026-07-20 18:12,DHR,DHR260724C00212500,0,0.295,VETO,,down,-1.14
2026-07-20 18:12,CEG,CEG260724C00260000,0,0.384,VETO,,up,0.5568
2026-07-20 18:12,RKLB,RKLB260724C00072000,0,0.295,VETO,,down,-0.7949
2026-07-20 18:12,IYR,IYR260814P00103000,0,0.078,VETO,,down,-0.6889
2026-07-20 18:21,CRCL,CRCL260724C00067000,0,0.449,VETO,,up,0.6103
2026-07-20 18:21,SPY,SPY260728C00752000,0,0.439,VETO,,up,0.3089
2026-07-20 18:21,SPCX,SPCX260724P00121000,0,0.439,VETO,,up,0.4667
2026-07-20 18:21,SPY,SPY260720C00742000,0,0.439,VETO,,down,-0.5903
2026-07-20 18:21,SPY,SPY260724P00744000,0,0.439,VETO,,up,0.3822
2026-07-20 18:21,ADBE,ADBE260814P00205000,0,0.391,VETO,,up,0.2545
2026-07-20 18:21,GPC,GPC260821C00130000,0,0.197,VETO,,down,-1.0605
2026-07-20 18:21,IOT,IOT260918C00050000,0,0.197,VETO,,down,-0.6281
2026-07-20 18:21,CRNC,CRNC260821C00010000,0,0.027,VETO,,down,-0.925
2026-07-20 18:21,SLV,SLV260821C00060000,0,0.439,VETO,,up,0.4333
2026-07-20 18:21,TQQQ,TQQQ260724C00068500,0,0.43,VETO,,up,0.3339
2026-07-20 18:32,SPY,SPY260724P00735000,0,0.439,VETO,,up,0.3277
2026-07-20 18:32,USO,USO260722C00125000,0,0.439,VETO,,up,0.3483
2026-07-20 18:32,DHR,DHR260724P00195000,0,0.295,VETO,,up,4.479
2026-07-20 18:32,TSLA,TSLA260724C00400000,0,0.439,VETO,,up,0.3147
2026-07-20 18:32,CIFR,CIFR260821C00021500,0,0.295,VETO,,up,0.5
2026-07-20 18:32,INTC,INTC260731C00150000,0,0.449,VETO,,up,0.2763
2026-07-20 18:32,GDXJ,GDXJ260724P00092500,0,0.197,VETO,,down,-0.7399
2026-07-20 18:32,DVN,DVN260724C00044500,0,0.203,VETO,,down,-1.0217
2026-07-20 18:32,ERAS,ERAS260821P00017500,0,0.162,VETO,,down,-0.6281
2026-07-20 18:42,C,C260731P00130000,0,0.197,VETO,,down,-0.5508
2026-07-20 18:42,NOW,NOW260724C00115000,0,0.203,VETO,,down,-0.6136
2026-07-20 18:42,UNH,UNH260821C00490000,0,0.439,VETO,,up,0.2453
2026-07-20 18:42,IREN,IREN260821P00018000,0,0.295,VETO,,down,-0.9375
2026-07-20 18:42,AVTR,AVTR260918C00012000,0,0.047,VETO,,down,-0.84
2026-07-20 18:42,ABCL,ABCL270115C00010000,0,0.072,VETO,,down,-0.66
2026-07-20 18:42,AOSL,AOSL260821P00025000,0,0.197,VETO,,down,-1.0136
2026-07-20 18:51,XLE,XLE260731C00059500,0,0.229,VETO,,down,-0.6269
2026-07-20 18:51,SPY,SPY260720P00742000,0,0.439,VETO,,up,0.6518
2026-07-20 18:51,MCHP,MCHP260821P00070000,0,0.197,VETO,,down,-0.7733
2026-07-20 18:51,CFG,CFG260821P00072500,0,0.197,VETO,,down,-0.5655
2026-07-20 19:01,F,F260821P00013500,1,0.078,VETO,,down,-0.6189
2026-07-20 19:01,BBY,BBY260821C00087500,0,0.197,VETO,,down,-0.6098
2026-07-20 19:01,COIN,COIN260731C00210000,0,0.295,VETO,,down,-0.9551
2026-07-20 19:01,ALLE,ALLE260821C00150000,0,0.072,VETO,,down,-0.7172
2026-07-20 19:01,AEVA,AEVA260821P00012500,0,0.146,VETO,,down,-0.7571
2026-07-20 19:11,USB,USB260821P00061000,1,0.203,VETO,,down,-0.6622
2026-07-20 19:11,SPCX,SPCX260821C00170000,0,0.439,VETO,,up,0.302
2026-07-20 19:11,OKLO,OKLO260724C00041500,0,0.449,VETO,,up,0.4368
2026-07-20 19:11,FE,FE260821C00049000,0,0.078,VETO,,down,-1.1
2026-07-20 19:11,WDAY,WDAY260731C00165000,0,0.197,VETO,,down,-1.1026
2026-07-20 19:11,CIFR,CIFR260724P00019000,0,0.295,VETO,,down,-1.0417
2026-07-20 19:11,BXP,BXP260821P00065000,0,0.162,VETO,,down,-0.6697
2026-07-20 19:21,AAPL,AAPL260724C00330000,0,0.391,VETO,,down,-0.5973
2026-07-20 19:21,GM,GM260724C00080000,0,0.295,VETO,,up,0.2622
2026-07-20 19:21,PENG,PENG260821P00035000,0,0.197,VETO,,down,-0.6
2026-07-20 19:21,KR,KR260821C00061000,0,0.162,VETO,,down,-0.5952
2026-07-20 19:21,MU,MU260803P00800000,0,0.386,VETO,,down,-0.5423
2026-07-20 19:21,SNDK,SNDK260821C01430000,0,0.295,VETO,,up,0.3372
2026-07-20 19:31,IOT,IOT260821C00040000,1,0.197,VETO,,down,-0.5907
2026-07-20 19:31,SQQQ,SQQQ260724C00043500,0,0.203,VETO,,down,-0.873
2026-07-20 19:31,SQQQ,SQQQ260724C00043000,0,0.203,VETO,,down,-0.8094
2026-07-20 19:31,AAPL,AAPL260720P00332500,0,0.391,VETO,,vertical,0.4294
2026-07-20 19:31,QQQ,QQQ260720C00695000,0,0.295,VETO,,vertical,-0.708
2026-07-20 19:31,WMT,WMT260731P00113000,0,0.295,VETO,,up,0.2808
2026-07-20 19:31,CRDO,CRDO260731P00155000,0,0.176,VETO,,down,-0.9478
2026-07-20 19:31,DDOG,DDOG260731P00232500,0,0.43,VETO,,up,0.25
2026-07-20 19:31,BIRK,BIRK260821C00045000,0,0.162,VETO,,down,-0.658
2026-07-20 19:41,QQQ,QQQ260724P00680000,0,0.295,VETO,,down,-0.5842
2026-07-20 19:41,IREN,IREN260724P00040000,0,0.295,VETO,,down,-0.5132
2026-07-20 19:41,AMAT,AMAT260724P00440000,0,0.295,VETO,,down,-0.9758
2026-07-20 19:41,KHC,KHC260821C00028000,0,0.176,VETO,,down,-0.5658
2026-07-20 19:41,QCOM,QCOM260724P00165000,0,0.295,VETO,,down,-0.5794
2026-07-20 19:52,SMR,SMR260821P00007500,1,0.162,VETO,,down,-0.5658
2026-07-20 19:52,SPY,SPY260721P00743000,0,0.439,VETO,,down,-0.776
2026-07-20 19:52,RBLX,RBLX260724C00054000,0,0.203,VETO,,down,-0.516
2026-07-20 19:52,IREN,IREN260724P00035000,0,0.295,VETO,,down,-0.6164
2026-07-20 19:52,WIX,WIX260821C00070000,0,0.162,VETO,,down,-1.016
2026-07-20 19:52,CCL,CCL260821C00027000,0,0.162,VETO,,down,-0.5204
2026-07-20 19:52,CSTM,CSTM261120C00033000,0,0.072,VETO,,down,-0.6286
2026-07-20 19:52,SMR,SMR260918P00006000,0,0.176,VETO,,down,-0.814
2026-07-21 13:32,SPCX,SPCX260724P00122000,0,0.43,VETO,,down,-0.5447
2026-07-21 13:32,SPY,SPY260722C00745000,0,0.391,VETO,,up,0.377
2026-07-21 13:32,VRNS,VRNS270115C00060000,0,0.197,VETO,,down,-0.9111
2026-07-21 13:32,HOOD,HOOD260724C00106000,0,0.439,VETO,,up,0.2819
2026-07-21 13:32,SLV,SLV260722C00052500,0,0.439,VETO,,up,0.4438
2026-07-21 13:42,AAPL,AAPL260724P00325000,0,0.43,VETO,,down,-0.5795
2026-07-21 13:42,BA,BA260724P00207500,0,0.384,VETO,,down,-0.5951
2026-07-21 13:42,SPY,SPY260722P00742000,0,0.391,VETO,,down,-0.5211
2026-07-21 13:42,SPY,SPY260721P00746000,0,0.391,VETO,,down,-0.7962
2026-07-21 13:42,SPY,SPY260721P00745000,0,0.391,VETO,,down,-0.8608
2026-07-21 13:42,QQQ,QQQ260721P00705000,0,0.295,VETO,,down,-0.779
2026-07-21 13:42,ARKG,ARKG260724P00040000,0,0.162,VETO,,down,-0.5475
2026-07-21 13:42,MU,MU260731C01000000,0,0.439,VETO,,up,0.295
2026-07-21 13:52,XLV,XLV260821C00165000,1,0.203,VETO,,down,-0.75
2026-07-21 13:52,SPY,SPY260723P00746000,0,0.391,VETO,,down,-0.5102
2026-07-21 13:52,SPY,SPY260723P00727000,0,0.391,VETO,,down,-0.5625
2026-07-21 13:52,QQQ,QQQ260723C00721000,0,0.295,VETO,,up,0.4062
2026-07-21 13:52,ONDS,ONDS260918C00008000,0,0.229,VETO,,up,0.2921
2026-07-21 14:02,SPY,SPY260721C00744000,0,0.391,VETO,,up,0.6735
2026-07-21 14:02,MARA,MARA260731P00011000,0,0.197,VETO,,down,-0.5588
2026-07-21 14:02,LULU,LULU260731C00128000,0,0.203,VETO,,down,-1.1686
2026-07-21 14:11,QQQ,QQQ260721P00699000,0,0.295,VETO,,down,-0.8762
2026-07-21 14:11,ASTS,ASTS260724C00060000,0,0.439,VETO,,up,0.5014
2026-07-21 14:11,MSTR,MSTR260724P00093000,0,0.439,VETO,,up,0.3182
2026-07-21 14:21,QQQ,QQQ260722P00690000,0,0.295,VETO,,down,-0.5534
2026-07-21 14:21,SPY,SPY260721C00745000,0,0.391,VETO,,up,0.5515
2026-07-21 14:21,SPY,SPY260722C00748000,0,0.391,VETO,,up,0.3758
2026-07-21 14:32,INTC,INTC260722C00103000,0,0.43,VETO,,up,0.2955
2026-07-21 14:32,SPY,SPY260723P00730000,0,0.391,VETO,,down,-0.5233
2026-07-21 14:32,QQQ,QQQ260722C00711000,0,0.295,VETO,,up,0.3301
2026-07-21 14:42,SPY,SPY260722C00746000,0,0.391,VETO,,up,0.3582
2026-07-21 14:42,ORCL,ORCL260724C00127000,0,0.439,VETO,,up,0.2945
2026-07-21 14:42,GE,GE260731P00310000,0,0.203,VETO,,down,-1.13
2026-07-21 14:51,LQD,LQD260821C00111000,1,0.078,VETO,,down,-2.0
2026-07-21 14:51,META,META260724C00725000,0,0.295,VETO,,down,-0.6735
2026-07-21 14:51,RKLB,RKLB260724P00062000,0,0.384,VETO,,down,-0.5441
2026-07-21 15:03,MAGS,MAGS260821C00069500,1,0.162,VETO,,down,-1.0154
2026-07-21 15:03,SPY,SPY260723C00748000,0,0.391,VETO,,up,0.3435
2026-07-21 15:12,AAPL,AAPL260722C00325000,0,0.43,VETO,,up,0.4288
2026-07-21 15:12,QQQ,QQQ260721C00708000,0,0.295,VETO,,vertical,-0.6867
2026-07-21 15:12,QQQ,QQQ260721C00706000,0,0.295,VETO,,vertical,-0.1507
2026-07-21 15:12,DHR,DHR260821C00190000,0,0.439,VETO,,up,0.5257
2026-07-21 15:12,GDX,GDX260724P00072000,0,0.295,VETO,,down,-0.5733
2026-07-21 15:33,SPCX,SPCX260724C00135000,0,0.43,VETO,,down,-0.6528
2026-07-21 15:33,SPCX,SPCX260724C00134000,0,0.43,VETO,,down,-0.6373
2026-07-21 15:41,JETS,JETS260821P00029500,1,0.078,VETO,,down,-0.6268
2026-07-21 16:11,NFLX,NFLX260807C00067000,0,0.449,VETO,,up,0.2982
2026-07-21 16:11,QQQ,QQQ260721C00709000,0,0.295,VETO,,down,-0.5664
2026-07-21 16:11,GLXY,GLXY260821P00017500,0,0.176,VETO,,down,-0.7623
2026-07-21 16:21,XLF,XLF260828C00058500,1,0.197,VETO,,down,-0.8143
2026-07-21 16:21,QQQ,QQQ260721P00710000,0,0.295,VETO,,down,-0.5799
2026-07-21 16:21,EFX,EFX260918C00200000,0,0.203,VETO,,down,-1.3164
2026-07-21 16:32,AMD,AMD260722C00560000,0,0.439,VETO,,up,0.3889
2026-07-21 16:32,DHR,DHR260918C00200000,0,0.439,VETO,,up,0.2811
2026-07-21 16:41,SCHW,SCHW260821P00098000,1,0.203,VETO,,down,-0.7063
2026-07-21 16:41,SCHW,SCHW260731P00103000,0,0.203,VETO,,up,0.4397
2026-07-21 16:52,RYAM,RYAM260918C00010000,0,0.072,VETO,,down,-0.6583
2026-07-21 17:11,CART,CART260821C00047500,1,0.162,VETO,,down,-0.6379
2026-07-21 17:22,SPCX,SPCX260724C00130000,0,0.43,VETO,,down,-0.578
2026-07-21 17:22,MARA,MARA271015C00020000,0,0.197,VETO,,down,-0.8348
2026-07-21 17:31,SO,SO260821C00097500,1,0.197,VETO,,down,-0.8589
2026-07-21 17:31,SCHW,SCHW260731C00102000,0,0.203,VETO,,down,-0.552
2026-07-21 17:41,KWEB,KWEB260821P00026000,1,0.176,VETO,,down,-0.5861
2026-07-21 17:41,QQQ,QQQ260721P00709000,0,0.295,VETO,,down,-0.7708
2026-07-21 17:52,QQQ,QQQ260721C00710000,0,0.295,VETO,,down,-0.8286
2026-07-21 18:01,TLT,TLT260821C00087000,1,0.162,VETO,,down,-0.9488
2026-07-21 18:24,SPY,SPY260721P00749000,0,0.391,VETO,,vertical,-0.3627
2026-07-21 18:32,IBRX,IBRX260821C00008500,1,0.072,VETO,,down,-1.2443
2026-07-21 18:42,XLP,XLP260821P00080500,1,0.197,VETO,,down,-0.8876
2026-07-21 19:02,VRNS,VRNS260821P00040000,0,0.197,VETO,,down,-1.4057
2026-07-21 19:21,HYG,HYG260821P00076500,1,0.072,VETO,,down,-1.1512
